S02B0000433A2F4554352F536F4354502F76657273696F6E352F536F432F736F6674776172652F48414C2F76A1
S3150400000034004100145A40083A6800080000000011
S3150400001000000000000000000000000000000000D6
S3150400002004EDFFDE1500C0DF150240D8150380D8A5
S315040000301504C0D8150500D9150640D9150780D969
S315040000401508C0D97A300B00150900DA150A40DA0A
S31504000050150B80DA150CC0DA150D00DB150E40DB26
S31504000060150F80DB1510C0DB151140D904FFFFEB1B
S315040000701512C0DB3A3109004C0080282603001013
S3150400008026020020C00E004006030000151240DFC1
S3150400009017FFBFE83AA03D00171140D9171240DFF9
S315040000A01700C0DF7A700128170240D8170380D8DA
S315040000B01704C0D8170500D9170640D9170780D9E1
S315040000C01708C0D9170900DA170A40DA170B80DABD
S315040000D0170CC0DA170D00DB170E40DB170F80DB99
S315040000E01710C0DB0413C0DE3A0880EF04FEFFDEFF
S315040000F01501C0DF150000DC3A310D00740001045F
S31504000100041A3C844C0080303A0005101E0A001084
S315040001103A880900FA9004203A8805141700C0109A
S31504000120170100113AE83E183A310500260A001074
S315040001303A880D1006F33F004400C0003A880900CF
S315040001403A880B183A88C7183A8849213A70C43055
S315040001501EF03F1006FB3F001701C0DF170000DC4E
S30D040001600402C0DE3A2800F88F
S315040001683480C1061400C0DE74008106145C95D67A
S31504000178340081001403BC103400C100145AFC185E
S315040001882603C010150000100401801036FDFF1068
S3150400019840210A40C0380A4006FF3F0004FBFFDE40
S315040001A81504C0DF1503C0DC150280DC150140DC2C
S315040001B8150000DC7400010104FD2D2140370040C0
S315040001C80401C004C4FF7F0404208000350080981D
S315040001D804190001005B0A403700809C7400010181
S315040001E804032E2180230040840100043AD8059490
S315040001F84C0080103A0005101E020010440C000141
S3150400020806010000840B0001002B00403A88618433
S315040002181EF67F847400010104062E213A880B9089
S315040002288023004004C40901005B0A4006E63F0037
S3150400023804FBFFDE1501C0DF150240D9150380D97A
S315040002481504C0D974008100045CB5101700C010E9
S315040002583A880B20040280D8170200193A880D1030
S31504000268150080D8803102401701C0DF0405C0DEBE
S315040002783A2800F804FCFFDE1501C0DF150280D910
S315040002881503C0D93A880D28170240210402C0D89C
S315040002983A880F181500C0D8404500401701C0DF3A
S315040002A80404C0DE3A2800F874008100045CB51022
S315040002B8170080113A880B203A88093017028031D2
S315040002C841A106401702802141A1064004F6FFDE3B
S315040002D8150740DC3A8823203A8809281509C0DF1F
S315040002E81508C0DC3A882728803800401702408958
S315040002F87400C100040AEE184400C0014400001248
S315040003081505C0D81506C0D90403C0D88400C00191
S315040003183A8809883A880DD81500C0D81503C0DC70
S31504000328150200DA1501C0D9150480D8405D0440C9
S31504000338C4FFFF00260600103A8805181709C0DF0F
S315040003481708C0DC170740DC040AC0DE3A2800F8A0
S315040003588402C0003A8805181709C0DF1708C0DCEC
S31504000368170740DC040AC0DE3A2800F87400810046
S31504000378045CB5103A880B2017000011412D004083
S31504000388CC0080203A8811201E1600101700C020C1
S31504000398F4BF7F01C4BF7F297420E0010420E0393B
S315040003A83A8845193A70C4113A30C6003A70861824
S315040003B81E0C00183A880D283A880B3804010021C7
S315040003C8170080203A8887113A7046193A30840013
S315040003D83A70C41026F93F1007008020260300103F
S315040003E844000021070080201EFD3F103AC805225C
S315040003F83A2800F81702803004FEFFDE150000DCF8
S315040004081501C0DF3A8821303A8807001E06001015
S315040004183A880518150100301701C0DF170000DCFB
S315040004280402C0DE3A2800F8405D04403A88071002
S315040004383A88051815010080150200801701C0DFE7
S31504000448170000DC0402C0DE3A2800F804A4FEDE25
S31504000458155881DD155201DC1551C1D9155BC1DF6B
S31504000468155A01DF1559C1DD155741DD155601DD4C
S315040004781555C1DC155481DC155341DC3A882D2801
S315040004883A882130154F01D980BF044017008010DF
S315040004981751C1D9154981D8174F81D8260200109A
S315040004A8170E8010260D02100B0380B00C02801064
S315040004B8260E0210170480B0260C02100B0300B295
S315040004C8840280008C06C0401E2F80188F0380B0DB
S315040004D8162D00108B0340B2170780B21709C0B255
S315040004E8174F01D9042940DC044080D80400C10010
S315040004F84CFF3F423A880D803A880B880D2C00DA67
S315040005088D2C40DA153080DA1532C0DA152D80D8EC
S31504000518152EC0D8152980D8152BC0D8152F00D864
S3150400052840450040154B81D816040010174F01D9D1
S315040005383A880B8800C703401E3202100B2C80D859
S315040005480C108010260300100B0380B014108010C2
S315040005580D0380B0174B81D8175BC1DF175A01DF2B
S315040005681759C1DD175881DD175741DD175601DDC7
S315040005781755C1DC175481DC175341DC175201DCCB
S31504000588045CC1DE3A2800F83A8805003A88070070
S31504000598041940DD154281D83A882F801543C1D8FD
S315040005A8154B01D8154801D8154401D8154701D863
S315040005B8150C40DD150E00D8150D00D8070080B8B7
S315040005C8261900104409C0002617C0103A8821B815
S315040005D8060100002603C01044000084070080803A
S315040005E81EFC3F103AC8E785260E0098170E80DCD5
S315040005F8170D40DCC40180003A88E5944400408C19
S315040006081500C0AD150E80DC1501C0AC150D40DC17
S31504000618168B4214040240AD174B01D93A88C924F3
S31504000628154B01D93A882F80070080B8263C01105B
S315040006384400C0BD050400D80700C0B8C4FFFF04C1
S31504000648154C01D8154A01D8154DC1D84400C0BD6A
S31504000658174D41D90416800004F8FF283660C010E7
S315040006683A88C5183A8885103400C10004A1C1180F
S315040006783A88C510170000113A680020F8150004D6
S31504000688E8070004E8070004E4150004E807000482
S31504000698E8070004E8070004E8070004E80700047C
S315040006A8E8070004C4130004D4150004E80700048A
S315040006B8DC1300047C160004E8070004681600042A
S315040006C82416000424160004241600042416000420
S315040006D82416000424160004241600042416000410
S315040006E824160004E8070004E8070004E8070004E1
S315040006F8E8070004E8070004E8070004E80700041C
S31504000708E8070004E8070004E8070004400E0004AC
S31504000718AC140004E8070004AC140004E807000459
S31504000728E8070004E8070004E807000410160004B4
S31504000738E8070004E8070004F40E0004E8070004C8
S31504000748E8070004E8070004E8070004E8070004CB
S31504000758400F0004E8070004E807000460150004D5
S31504000768E8070004E8070004E8070004E8070004AB
S31504000778E8070004E8070004E8070004E80700049B
S31504000788E8070004E8070004341500044C0E0004C6
S31504000798AC140004AC140004AC140004981400044B
S315040007A84C0E0004E8070004E807000420140004BB
S315040007B8E8070004F0130004000F000450140004B2
S315040007C83C140004E8070004E4160004E8070004DF
S315040007D84C0F0004E8070004E8070004C4150004E5
S315040007E8174D01D926CE002044004001040F80D9B4
S315040007F81540C1D9154541D9154181D93A880F28DB
S31504000808050F00D9050400D8154601D8174CC1D8D8
S315040008188C0080183A000510155081D81E03001064
S31504000828174501D984000021154501D9174C41D92A
S315040008380C214029154E41D91E2D0028174A81D965
S31504000848174581D83AC8A1300E290004040480004B
S315040008580E5E0414170E80DC170D40DC3A88271048
S315040008687400010784262EE7C40100050603000068
S3150400087804FC3F84040240AD0E13009C04048094D7
S315040008884400408C150000AF1501C0AC150E80DC81
S31504000898150D40DC0EF67FA4174F01D93A880BB024
S315040008A8040C80D91551C1D9C03F00401751C1D98C
S315040008B81E9E001004FC3F84170E80DC170D40DCD6
S315040008C8041940DD16ED3F9C3A8825944400408C73
S315040008D8C4018000150000AF150100AC150E80DCBC
S315040008E8150D40DC16F54114040240AD060200005D
S315040008F8170E80DC170D40DC070480D8260B001081
S3150400090844008000440080944400408C150180A86B
S315040009180404C0D8C40180001500C0A8150E80DCE4
S31504000928150D40DC16DA4114040240AD175001D9FE
S315040009381E0B0020440480D8840080944400408C14
S31504000948150080A88400C000C40180001501C0A851
S31504000958150E80DC150D40DC16C24114040240ADA8
S31504000968174E41D90420800026B180281746C1D8DD
S315040009783AC8E1190E260004040480000ECF0314B5
S315040009883A8827107400010784222EE7C40100055B
S315040009980603000004FC3F84040240AD0E13009CC9
S315040009A8040480944400408C150000AF1501C0ACC3
S315040009B8150E80DC150D40DC0EF67FA4174F01D901
S315040009C83A880BB0040C80D91551C1D9C03F0040F0
S315040009D81751C1D91E55001004FC3F84170E80DC3C
S315040009E8170D40DC041940DD16ED3F9C3A88259422
S315040009F84400408CC4018000150000AF150100AC0A
S31504000A08150E80DC150D40DC16824114040240AD37
S31504000A18174C01D90C4080201E4A0010174141D9B1
S31504000A283A88E5914400408CC4018000150040A929
S31504000A381501C0A9150E80DC150D40DC1667411496
S31504000A480402C0A8174C81D90C018030262800104E
S31504000A58174A81D8174501D93AC821110E2400042A
S31504000A68040480000E550414170D40DC3A88271038
S31504000A787400010784262EE7C40100050603000056
S31504000A8804FC3F840402C0180E11009C04048094DC
S31504000A984400408C1500001F1501C01C150E80DC8F
S31504000AA8150D40DC0EF67FA4174F01D93A880BB012
S31504000AB8040C80D9C03F00401E1C001004FC3F846F
S31504000AC8170E80DC170D40DC0419C0D816EF3F9CBE
S31504000AD83A8825944400408CC40180001500001F00
S31504000AE81501001C150E80DC150D40DC16CB4014D0
S31504000AF8174A81D8174541D90E0140113A88052865
S31504000B08174B81D93A888D30154B81D91E3B0190F4
S31504000B181740C1D9041940DD150D00D806A73E00B3
S31504000B28170E80D81E450510150D00D80B0380B086
S31504000B380C10801026873E10C4FFBF00154B81D8C1
S31504000B4806843E00174D81D944198000166E80111B
S31504000B58174741D94400C0000E494319174181D8A3
S31504000B68440080944400408C150080A8C401800089
S31504000B781501C0A8150E80DC150D40DC16CA4114F3
S31504000B880402C0A8174901D944008000440080948F
S31504000B984400408C15018018C40180001500001912
S31504000BA8150E80DC150D40DC16B641140402C01C73
S31504000BB8174201D9174341D93A880D003A880F00DC
S31504000BC80024094026740110174741D9174181D9D1
S31504000BD84400408C3A88852CC4FFBF14C4FFBF2840
S31504000BE84400C03015018098C40180001500C098DF
S31504000BF8150E80DC150D40DC168E41140402C09CCB
S31504000C08174841D9040880D84400408C3A8865912D
S31504000C1815008098C401800015014099150E80DCE2
S31504000C28150D40DC16ED40140402C09806853F00F5
S31504000C38174A81D9174581D83AC8A1300E4B3F04C3
S31504000C48040480000E3A04143A8827107400010735
S31504000C5884222EE7C40100050603000004FC3F8431
S31504000C68040240AD0E13009C040480944400408C96
S31504000C78150000AF1501C0AC150E80DC150D40DC5F
S31504000C880EF67FA4174F01D93A880BB0040C80D905
S31504000C981551C1D9C03F00401751C1D91EA33F10F1
S31504000CA804FC3F84170E80DC170D40DC041940DD74
S31504000CB816ED3F9C3A8825944400408CC401800074
S31504000CC8150000AF150100AC150E80DC150D40DCCF
S31504000CD816614114040240AD06243F00174F01D99A
S31504000CE880F003401751C1D906EF3D00174F01D9CB
S31504000CF83A880BB01551C1D9C03302401751C1D92E
S31504000D0826EE3D10068C3F00174201D9174341D9F8
S31504000D183A880D003A880F00801B09401EF200101D
S31504000D28740081000422AE10440080944400408C70
S31504000D38150080A84400C000C40180001501C0A89D
S31504000D48150E80DC150D40DC160043140402C0A8F9
S31504000D58170580D8174701D90E5C0111170D40DC19
S31504000D68174981D944008000440080944400408C8B
S31504000D7815018018C401800015008019150E80DC41
S31504000D88150D40DC161643140402C018174781D8FB
S31504000D98C4FF3F140E2B3F04040480000EA802145B
S31504000DA8170D40DC3A8827107400010784222EE7C1
S31504000DB8C4010005060300000402C01804FC3F84AD
S31504000DC80EA2029C040480944400408C1500001F63
S31504000DD81501C01C150E80DC150D40DC0EF67FA42B
S31504000DE8174F01D93A880BB0040C80D9C03F00408C
S31504000DF81E4E3F10170E80DC170D40DC0419C0D8B0
S31504000E0806EE3F000B2C80D8C4FFFF00154BC1D853
S31504000E180C1080101ECC3D1006CE3D00174F01D98C
S31504000E283A880BB0040C80D9C03F00401E3F3F10DF
S31504000E38170E80DC062E3F00174C41D914044029AE
S31504000E48154C41D9174C81D90C0880301E4F011016
S31504000E58174CC1D80C0480181EF00210174C01D97F
S31504000E680C10802026ED02100F0080380401C039CA
S31504000E781540C1D9FAD723103A8821101678038861
S31504000E884400000116040098174CC1D8C4DFBF00FB
S31504000E983A708618154CC1D83AB044841E2C0210F0
S31504000EA81E2B0298CC3F802026A102100419C0D814
S31504000EB8040F00DD1541C1D81741C1D81545C1DC59
S31504000EC83AC8C5A0040AC0110E01C0991545C1D96E
S31504000ED81546C1DC070480D8264C3E10174581D830
S31504000EE844008010154581D806483E00174C81D920
S31504000EF814048031154C81D9174CC1D80C088018B4
S31504000F081E270110174C41D90C0480281EBC021058
S31504000F18174C81D90C10803026B902100B00003CFE
S31504000F283A8809000401C0393A8823001540C1D912
S31504000F38050400D806D33F00174C01D91404002130
S31504000F48154C01D9174C41D90C0880281E080110E4
S31504000F58174CC1D80C0480181EB60210174C01D9B8
S31504000F680C10802026B302100B00003C440000013C
S31504000F780401C0393A8823001540C1D9050400D8AC
S31504000F8806C03F00174F01D93A880BB0040C80D924
S31504000F98C03F00401EE53E10170E80DC0419C0D879
S31504000FA8174C81D94C0080303A0005101EA53E1016
S31504000FB844008000170D40DC15018018174981D8B4
S31504000FC8440080944400408C15008018C4018000B5
S31504000FD8150E80DC150D40DC0E244214174F01D97A
S31504000FE83A880BB0040C80D9C03F00401ECF3E108F
S31504000FF8170E80DC0419C0D806923E00174F01D993
S315040010083A880BB0040C80D9C03F004026C03E1075
S3150400101806C63E00174F01D93A880BB0040C80D98E
S315040010281551C1D9C03F00401751C1D91EBF3E1042
S31504001038170E80DC170D40DC041940DD06743E00EB
S31504001048174F01D93A880BB0040C80D91551C1D968
S31504001058C03F00401751C1D91EB43E10041940DDE3
S31504001068066D3D00174F01D93A880BB0040C80D998
S315040010781551C1D9C03F00401751C1D91EAB3E1006
S31504001088170E80DC170D40DC041940DD06343E00DB
S31504001098174F01D93A880BB0040C80D91551C1D918
S315040010A8C03F00401751C1D91EA03E10170E80DC60
S315040010B8170D40DC041940DD061C3E00174F01D904
S315040010C83A880BB0040C80D91551C1D9C03F0040E9
S315040010D81751C1D91E953E10170E80DC170D40DC3A
S315040010E8041940DD06043E00170500D90E5802010E
S315040010F8174781D9167A8021174181D83A88A5914C
S315040011084400408C150080A8C4018000150180A9FC
S31504001118150E80DC150D40DC16FC42140402C0A82A
S31504001128174741D93AC861210E9D3F04040480003B
S315040011380E190214170D40DC3A88271074000107AB
S3150400114884222EE7C4010005060300000402C01821
S3150400115804FC3F840E13029C040480944400408CCF
S315040011681500001F1501C01C150E80DC150D40DC8A
S315040011780EF67FA4174F01D93A880BB0040C80D910
S31504001188C03F00401E693E10170E80DC170D40DC78
S315040011980419C0D806EE3F00174781D8C4FF3F1488
S315040011A80E973E04040480000E1800143A88291089
S315040011B87400010784222EE7C401400506030000D3
S315040011C80402C09C04FC3F840E1200A40404809408
S315040011D84400408C1500009F1501009D150E80DC07
S315040011E8150D40DC0EF67FAC174F01D93A880BB0C3
S315040011F8040C80D9C03F00401E4C3E10170E80DCFC
S31504001208170D40DC0419C0DC06EE3F007400010724
S3150400121884222EE73A8825944400408CC401800031
S315040012281500009F1501009C150E80DC150D40DC89
S315040012380E727E14174F01D93A880BB0040C80D964
S31504001248C03F00401E393E10170E80DC170D40DCE7
S315040012580419C0DC066A3E00174F01D93A880BB058
S31504001268040C80D91551C1D9C03F00401751C1D9C2
S315040012781E2E3E10170E80DC170D40DC041940DDC7
S3150400128806BA3D00174F01D93A880BB0040C80D929
S31504001298C03F00401E253E10170E80DC170D40DCAB
S315040012A80419C0DC06423E00174F01D93A880BB030
S315040012B8040C80D9C03F00401E1C3E10170E80DC6B
S315040012C8170D40DC0419C0D8062E3E00174C41D928
S315040012D84C0080283A0005101EDA3D10069F3E0091
S315040012E81741C1D83A8825914400408CC40180002E
S315040012F81500C0A8150100A9150E80DC150D40DCE3
S31504001308166C42140402C0A8174941D94400800047
S31504001318440080944400408C15018018C401800060
S3150400132815004019150E80DC150D40DC3A8821207D
S315040013381656421404024019174781D94400408CB2
S31504001348150D40DC3AC80731174101D93A88E590AA
S315040013581501C0283A88058115008028C401800033
S31504001368150E80DC161D7F140402C02806B53D0040
S315040013781700003C1701403C040280394400000170
S31504001388154081D9050400D806BE3E001700003C66
S315040013981701403C04028038154081D806B73E0040
S315040013A81700003C1701403C04020039154001D9D6
S315040013B83A880900050400D806B23E001700C0386A
S315040013C80401C039154AC1D80ED700183AC8C7004F
S315040013D8154AC1D8174C01D90700C0B81401002111
S315040013E8154C01D906983C00174C81D90C08803055
S315040013F826F60110174B01D9170080380401C039A5
S315040014081540C1D9FAD707201740C1D915000011CC
S315040014181501C01006693C000700C0B8041B80000B
S3150400142826558218174C41D914044029154C41D91C
S3150400143806853C00174C81D90700C0B814088031CA
S31504001448154C81D906803C00174C81D81700003CFE
S31504001458041EC00094008010154C81D80401C039BC
S3150400146874004101040B6E29040C80003A88230099
S31504001478840000011540C1D9154DC1D8154441D978
S31504001488450480D88504C0D8050400D8067D3E00E6
S31504001498174C81D80700C0B814108010154C81D891
S315040014A806693C00174C41D90C02802826E5011030
S315040014B81700803904028038154081D8154281D92D
S315040014C81701C0391543C1D9174201D9174341D960
S315040014D8000F0740261D0210174201D9174341D9A8
S315040014E83A880D003A880F00803D094016D002104C
S315040014F8174D41D9C4118000161042117400810198
S315040015080410AE31154181D9174C01D9C400C00065
S31504001518C4DFBF003A7088203A880F181545C1D829
S31504001528154C01D9154601D8066A3E0017008038BD
S315040015384400C0000401C0391540C1D9040F00D9BC
S315040015483A880F181545C1D8154101D9050F80D811
S31504001558050400D806AC3C007400410104166E2943
S31504001568154441D9174C81D90C08803026FF001040
S315040015781700003C1701403C04028038154081D806
S31504001588174C41D94C0080283A0005101EB90010A2
S315040015983AB0448426B70010174D81D994004029DF
S315040015A8040C800084000001154C41D9450480D8F8
S315040015B8850480D9050400D806323E0074008101EA
S315040015C8040BAE31154481D906E63F00C40A8000EF
S315040015D8050480D80700C0B8061B3C00174C81D800
S315040015E80700C0B854008010154C81D806163C0074
S315040015F8070480D81E4C001004088000050480D80F
S315040016080700C0B806103C00174C81D90700C0B8BB
S3150400161814028031154C81D9060B3C003A8809001E
S3150400162844020004840240011551C1D900910940BD
S31504001638070000B9174DC1D84400C0BD154D01D9DE
S31504001648174D41D93A88851804F43F1104F4BF2884
S315040016581751C1D92EF3BF80154A01D906FC3B00A0
S31504001668174C81D80700C0B814208010154C81D8AF
S3150400167806F53B000700C0B8840A80004400C0BDD4
S3150400168826188318154DC1D804F4BF184402C0009F
S31504001698367B82183A8821183A8809008402400160
S315040016A81551C1D900910940174D41D9070080B990
S315040016B81751C1D93A88451104F43F1104F4BF30CF
S315040016C8154D81D94400C0BD2EF4BF803A88272021
S315040016D80EDF3B20C4FFFF0406DD3B00050400D8EB
S315040016E8170080390401C0391540C1D9154181D97B
S315040016F826C90130160E0098174101D93A880B00FD
S315040017083A880D9880580540265902101741C1D8C1
S315040017183AC8CF10169EC1991545C1D9160900387D
S31504001728154601D806EB3D000700C0B806C63B00BF
S31504001738174101D980380040154581D83A880F10D9
S315040017480EF73F10154501D8154601D806E13D00A8
S31504001758CC3FC02044008000262D8018360E801801
S315040017688400800026FA801874000101041B2E21C7
S31504001778803800403A880F101545C1DC0E01809860
S31504001788154581D874008100041BAE101546C1DCCA
S31504001798154181D806CF3D00041940D9040F00DD50
S315040017A8154141D97A970A88174181D9FAD0048014
S315040017B8FAD00688CC0100813AB08428C4FFBF3128
S315040017C8040C0021154181D93AB0CA10050000312C
S315040017D83A8821103A8823181EF23F28174CC1D894
S315040017E84C0080183A0005101EB33D10CC3F8020EB
S315040017F81C20801004E0BF10040CC00026AEFD10A7
S31504001808C4FFBF31154181D90500C03006AA3D0081
S31504001818680080881E2C00101E020088440280007E
S3150400182836290014C41800D9040F00DD154101D95E
S31504001838174101D9040C808005008020069E3D00CE
S31504001848170D40DC7400010784222EE73A88259494
S315040018584400408CC40180001500001F1501001CBB
S31504001868150E80DC150D40DC16DC7D140402C01848
S3150400187806743C0084000001050400D806813D0076
S31504001888174C81D93A70C4303A00051026B33C1077
S31504001898174101D9440080944400408CC401800057
S315040018A8150000A91501C0A8150E80DC150D40DC2D
S315040018B816607E140402C0AC06D13C00740001070D
S315040018C884222EE706493C00040F00DD041980DC57
S315040018D83A8809803A880B88840280013A880F007E
S315040018E880030840040C0012C4FFBF943A88098098
S315040018F83A880B88840280013A880F000500009212
S31504001908C09C07403A8809103A8821106800801854
S315040019183A8823181EEE3F101E020018440280005F
S3150400192836EB3F11C4FFBF94154181DC06C03F0066
S31504001938174C01D94C0080201E9A0010041940D96E
S31504001948040F00DD154141D9065B3D00174F01D947
S315040019583A880BB0040C80D9C03F00401E733C1073
S31504001968170E80DC0419C0D806F93C00174CC1D8F8
S315040019780C0480181E710010174C01D90C10802015
S31504001988266E00100B00003C3A8823000401C03977
S315040019981540C1D906FA3E00170D40DC740001074C
S315040019A884222EE73A8825944400408CC40180009A
S315040019B81500001F1501001C150E80DC150D40DCF2
S315040019C816707D140402C01806753D00170E80DCD7
S315040019D8170D40DC7400010784262EE706BA3B007F
S315040019E8174F01D93A880BB0040C80D9C03F004080
S315040019F81E4E3C10170E80DC0419C0D806E33C00C2
S31504001A081700003C3A8809000401C0393A882300C3
S31504001A181540C1D9050400D8061A3D0017008038B8
S31504001A280401C0391540C1D9FAD723103A882110C0
S31504001A3806123D001700003C440000010401C039A9
S31504001A483A8823001540C1D9050400D8060D3D007F
S31504001A58740081000422AE10440080944400408C33
S31504001A68150080A84400C000C40180001501C0A860
S31504001A78150E80DC150D40DC16CA40140402C0A8F5
S31504001A881E060020174741D91E040028174C81D981
S31504001A984C0080303A0005101EEA3B1044008000D2
S31504001AA8170D40DC15018018174981D84400809425
S31504001AB84400408C15008018C4018000150E80DC93
S31504001AC8150D40DC16CA40140402C0183AC8210190
S31504001AD80E500004040480000E8000143A8827106F
S31504001AE87400010784222EE7C401000506030000DA
S31504001AF80402C01804FC3F840E7A009C04048094F3
S31504001B084400408C1500001F1501C01C150E80DC0E
S31504001B18150D40DC0EF67FA4174F01D93A880BB091
S31504001B28040C80D9C03F00401E003C10170E80DC10
S31504001B38170D40DC0419C0D806EE3F001700003C18
S31504001B483A8823000401C0391540C1D9068C3E00E1
S31504001B58041940D9040F00DD154141D9174481D928
S31504001B683A970A883AD10480CC0300813A88093125
S31504001B783AB0842803004021174101D93AD106888E
S31504001B883A882110C4FF3F21154101D9174181D94B
S31504001B983AB0C8103A882318050040311EEF3F2092
S31504001BA806C53C00040C8000C41880D9040F00DD67
S31504001BB8C51880D8154181D906BF3C00170D40DCED
S31504001BC87400010784262EE706C13B00174C41D949
S31504001BD80C048028267C0010170080380401C039BC
S31504001BE81540C1D9174B81D91740C1D915008011A1
S31504001BF806723A00174F01D93A880BB0040C80D9FB
S31504001C08C03F00401EC93B10170E80DC170D40DC90
S31504001C180419C0D8174701D9174141D94400408C43
S31504001C283A882591C4018000150040191501001948
S31504001C38150E80DC150D40DC16E87C140402C01869
S31504001C4806803B001700C03804020039154001D944
S31504001C581542C1D81701C0391543C1D9061A3E0021
S31504001C683A8805003AC809143A8005113AC84B045B
S31504001C783AC885283A8821203A8823104400000166
S31504001C88440B8000050480D8067E3C00174F01D912
S31504001C983A880BB0040C80D9C03F00401EA33B1001
S31504001CA8170E80DC170D40DC170500D9041940D936
S31504001CB806A13D00174F01D93A880BB0040C80D908
S31504001CC8C03F00401E993B10170E80DC170D40DC00
S31504001CD8170500D90419C0D8068B3D0074000107FE
S31504001CE884222EE73A8825944400408CC401800057
S31504001CF81500001F1501001C150E80DC150D40DCAF
S31504001D0816BC7F140402C01806C23F00174F01D937
S31504001D183A880BB0040C80D9C03F00401E833B10A0
S31504001D28170E80DC170500D90419C0D806FC3C0038
S31504001D387400010784222EE706DE3B007400810046
S31504001D480411AE10154181D806EF3D00174201D99A
S31504001D58174341D90013074026390010174D41D9B6
S31504001D68C411800016CE4011740081010412AE31EC
S31504001D78154181D906E43D00174C01D94400C0BD7C
S31504001D880700C0B814080021154C01D9062E3A00DC
S31504001D981545C1DC161001983A880F98154601D8DE
S31504001DA8064C3C00174F01D93A880BB0040C80D96D
S31504001DB8C03F00401E5D3B10170E80DC170500D996
S31504001DC80419C0D8062E3F00174CC1D80C10801829
S31504001DD826A00010170080380401C0391540C1D95F
S31504001DE8174B01D91740C1D90D00001106F3390064
S31504001DF8174F01D93A880BB0040C80D9C03F00406C
S31504001E081E4A3B10170E80DC170D40DC170500D957
S31504001E180419C0D8062D3F0084018000369AC014E0
S31504001E281545C1DC0E010098154501D874008100DA
S31504001E380414AE103A880F98154181D806723A00F0
S31504001E48C4FFBF0026E28098174D41D9C419800003
S31504001E5826DC8028C411800026DA8028174C41D94C
S31504001E68174301D9174281D914404029154C41D941
S31504001E7816CC00203A8821303A8823203A8839003B
S31504001E88174D41D98419800026B78028841180000B
S31504001E9826B580284419800026C880284411800065
S31504001EA826C680283A882998174F01D9040580D868
S31504001EB83A880D88150180D80406C0D8040780D846
S31504001EC83A880B808400C0011502C0D8150380D84F
S31504001ED8150000DDC06B0240174D81D9154181D824
S31504001EE8C419800026958030174DC1D8C4118000C6
S31504001EF826928018174141D9174D81D98419800033
S31504001F083A88252D268680308411800026848030E0
S31504001F183A880D003A880F003A880B883A8809806F
S31504001F28801B09401E7500103A880590150780DC49
S31504001F38174101D9174D41D9C419C0003AC825110A
S31504001F482668C028C411800026668028170500D98B
S31504001F58174DC1D8441980001655C010C4FF3F2137
S31504001F68150500D90508C0D83A88212016C10020CD
S31504001F78C40A8000450880D8440280000EAF0014C5
S31504001F883A882710840B40DC3A8809808402400189
S31504001F98008A0940040C8010C4FF7F8C3A880980A3
S31504001FA88402400105008088008409403A8821108B
S31504001FB816F5BF98040CC010C40980D8C401801053
S31504001FC8C4FF7F89C5FFFF882EA780283A88091091
S31504001FD8040880D98408C0D803008028440040290E
S31504001FE8050080184400C01836FB3F293AC88719EB
S31504001FF8440080001548C1D83A88CF900E968014BC
S315040020084400C0391545C1D916340038CC3F80E0A0
S315040020181C20801004E0BF10264E0010440B8000DC
S31504002028154781DC154601D8050480D806AB3B0064
S31504002038440B8000050480D8062D3D00174F01D9AE
S315040020483A880BB0040C80D9C03F00401EB73A103A
S3150400205806B53A00170080380401C0391540C1D9BD
S31504002068174B41D91740C1D91500401106533900F9
S315040020783A880F981545C1DC154601D806953B00E4
S315040020883A882700067239007400C1000414EE1851
S315040020983A880F10154581D81541C1D806DA390092
S315040020A8740081000413AE10154181D806163D004C
S315040020B8174D41D984198000264980283A880F206B
S315040020C816578024174C41D94C0080282601001045
S315040020D84400C0211545C1D90ECC3F38154501D851
S315040020E806CA3F00170500D904FFBF000E480011B1
S315040020F816470099154DC1D806F03F00170780D832
S315040021082E8BBF143A880790040C000105000011B1
S3150400211844008010150780D81EFCBF1806843F00AB
S31504002128174181D80700C010040C8000265B80186C
S31504002138170500D93A88259106753F00174C01D929
S315040021484C0080203A000510266A3F10170780D8ED
S3150400215806773F001545C1D9164D0038154781DC69
S31504002168154601D8065B3B00174F01D9040580D8EC
S31504002178150180D80406C0D8040780D83A880B808D
S315040021883A880D88C400C0011502C0D8150380D842
S315040021981500C0DC3A882998C06B0240154181D8DD
S315040021A806513F001742C1D8174301D9440B00070B
S315040021B83A8821183C00602406313F004400009DFB
S315040021C806393F001E253F984400C00406233F00F5
S315040021D88401C00406213F00154501D806EE3E00D9
S315040021E83A880F200E3700011E030098174C81D930
S315040021F84C00803026B73F10440080203A88A798C0
S315040022081545C1DC3A880F980E803F9806B33F00FF
S31504002218174D81D984FFBF31154D81D9064C3F002E
S315040022280E180001440080003A888514154581D8A3
S315040022383A880F100E753F1006A83F00040CC0809C
S31504002248040C8000C508C0D8040880D90409C0D87D
S31504002258850880D806653F00174C01D93A70842052
S31504002268269C3F1006663F00040880D98408C0D817
S31504002278065E3F00440B80003AC82101450880D811
S31504002288063D3F00840080003AC8051106E63F0073
S31504002298154501D8154781DC06B13F003A880D007B
S315040022A83A880F003A8809803A880B88002409403E
S315040022B8269F3F10440080003AC80915150500D921
S315040022C8069B3F001E0D0098174CC1D84C00801879
S315040022D81E0A0010440000013A880F20154501D94A
S315040022E8064A3F001700C03C0401C0390E0E3D984B
S315040022F80700C0B8C4FFFF0406D338008400C09C96
S315040023081545C1DC3A880F980E403F9806733F007E
S3150400231874008100045CB5103A8813201700001174
S315040023283A8805283A880F303A880B483A880D10B7
S315040023384145004074008100045CB5101700C010C4
S3150400234804FDFFDE150140DC150000DC1502C0DFC4
S315040023583A8823203A88212826020018170E80185E
S31504002368261F00100B0300810C028020262800106B
S3150400237817044081261D00284C0080203A000510C9
S31504002388260B00108C008020261200103A880500BF
S3150400239815028080260B00283A8805001702C0DF3C
S315040023A8170140DC170000DC0403C0DE3A2800F8F5
S315040023B817058080150200803AC8850015068080B6
S315040023C81EF53F280C20802026F33F10C4FFBF00CB
S315040023D806F23F00170580801502808006ED3F004F
S315040023E83A88091880F0034006DE3F000CA0C02096
S315040023F80480800026E0BF183A8809883A880B804A
S3150400240840CB04400B0300811704408106DA3F00E1
S315040024180C04802026ED3F100C01802026120010A3
S31504002428170C40812605002804108080260280287F
S315040024383A880988002C0440150C00800B03808018
S315040024481704408115010080CCF6BF100D03808067
S31504002458150040810B03808014028010CCFF3F11C5
S315040024680D03808006C33F001704408106F93F0028
S315040024781704C0281704802004F1FFDE150EC0DFF8
S31504002488150D00DF150CC0DD150B80DD150A40DDC2
S31504002498150900DD1508C0DC150780DC150640DCC7
S315040024A8150500DC150300D9150440D9167FC0109C
S315040024B8C4FF3F1D1704C0D8170300D93A8805A5D9
S315040024C83A8885100405C01C0405C0253A88AD98C9
S315040024D83A88C715170040B1170000191500C0D867
S315040024E844004029150200D9009009403A88391059
S315040024F81E3D0010170440D9170300D9009E054055
S31504002508162C0010440000E73A880FB83A881100E0
S315040025183A880900170040991700C0380401C09C7E
S31504002528CCFFBF283A888520CCFFBF11CCFF3F19C2
S315040025383AD404103AD40A283AC889213A8809228E
S315040025483AD406183A888B283AD40D20CCFFBF28EB
S315040025583AC887183A8887190D0000398D00C0389B
S315040025683AD408280401C0393AD411182EE9FFB41C
S315040025783A8805A53A8885103A8885B81700C010A0
S315040025881E0C001804FF3F112E0800B917FFBF10D0
S315040025982603001006050000170080201E030010FD
S315040025A804FF3F21C4FF3FA536FB3FB9170300D9F3
S315040025B8150400253A8805E0170EC0DF170D00DF5D
S315040025C8170CC0DD170B80DD170A40DD170900DD7F
S315040025D81708C0DC170780DC170640DC170500DC83
S315040025E8040FC0DE3A2800F83A8823B83A882598B2
S315040025F8150100D83A882B00170000943A8809E098
S3150400260804018094CCFF7F81009109403AD40A8062
S315040026183A8809E03A88A1A8009109401700008978
S31504002628CCFFFF803AD42080CCFF7F213AC8CB2840
S315040026381701C0D83AD408203A8805143A88CB2812
S315040026483AD40D28CCFFFF103AC8C9203A88892104
S315040026588D0000893AD409200D0040893AD42A10FD
S315040026680401408C150100D92EE3BFB4170200D922
S315040026781EA03F20170080D804FFFF102E08C0B8FC
S3150400268817FFBF1026030010060500001700801860
S315040026981E03001004FFFF18C4FF3FA536FBFFB84E
S315040026A81703C0D81504001D06923F003A88050092
S315040026B806C13F001710002204DAFFDE152140DDAB
S315040026C8152000DD151E80DC151D40DC1525C0DF30
S315040026D8152400DF1523C0DD152280DD151FC0DC97
S315040026E8151C00DC151600D93A8823303A8829289F
S315040026F81517C0D9172880DC3A882B30260A0040DB
S31504002708171180203A880B40150180401711C02004
S31504002718440080003A98C410150280404088054059
S315040027281716C0D81510001816A3008815000090AF
S315040027382CFCDFA834FC9F00269180183A880D00EB
S315040027483A880F003A8809A03A880BA8151200DDC2
S31504002758151340DD002409401E170010172780D9D9
S315040027684400800015008030172980D8269B021063
S31504002778172900D9740081004422AE10C4FFFF1043
S31504002788150080203A8805181725C0DF172400DFAE
S315040027981723C0DD172280DD172140DD172000DD51
S315040027A8171FC0DC171E80DC171D40DC171C00DC55
S315040027B80426C0DE3A2800F8171600D9171240D99D
S315040027C8040180D83A880DA80402C0D9150080D817
S315040027D800EC0540150780D83AD504A8CCFF0111AA
S315040027E8268600201712C0D834048000C4FFBF1000
S315040027F81701C0DD3A7084A83A88111834FC4F12C0
S315040028084400BF25150800D83A88050034FECF00D1
S315040028183A880B483A8809403A880F183A880D10BE
S3150400282880AA0840F4DB180244D81042F4F44F0294
S31504002838C4E9614A3A880F483A880D403A880B1821
S315040028483A880910C0B9084074D82202C42C324206
S31504002858F4F14F02048A624A3A880F483A880D40CE
S315040028683A880B183A88091080B208403A8809B0A1
S315040028783A8821103A88231800460940F427140296
S31504002888C47E1E42F4F44F02C404514A3A880F48DF
S315040028983A880D403A880B183A880910C0B9084096
S315040028A83A880F183A880B883A880D103A880980AE
S315040028B880B208403A8809103A880B183A882110D9
S315040028C83A882318805509403A880D003A880F003B
S315040028D83A8809803A880B88150D80D8803D0940C6
S315040028E816170310170DC0D8840580002E48C1108A
S315040028F844000001150C00D93AC885BDC4FFBF11B0
S31504002908160B0330150A80D9151100D8170DC0D82F
S3150400291816FF0218170A00D91509C0D8151000D8C9
S315040029283A88C920150A00D9171700D94402800025
S31504002938364600114401800016040211440040047E
S315040029481717C0D84401800036EDC1103A88C51857
S315040029583A8885103400C100045CCA183A88C51040
S31504002968170000113A6800205C2A00045C2A000457
S315040029785C340004343400047834000484340004D9
S31504002988172700D9C4C3890015008020261000A083
S315040029987400C100042EEE18172980D926793F3011
S315040029A8C7008018C40000191E100010172980D803
S315040029B81500001106733F003400A000C4FFBF10C1
S315040029C84400C0003A70AA881500C09006583F0013
S315040029D834048000C4FFBF103A7084A81EEC3F106C
S315040029E87400C100042BEE1806EB3F00172980D8A3
S315040029F8040200191500001106623F001701C0DD24
S31504002A08170280D804080001840CC1B83A88A318B0
S31504002A180EB841240410C0003AC8471C04F8BF88FD
S31504002A283A98C6A83AD884A03AB0881800630940E8
S31504002A383A8811103484BF00440000013A88D31040
S31504002A4844F3BE8D150800D9066F3F00151700D844
S31504002A5844004004C4FFBF004400C000150E80D8DB
S31504002A68152600D8150F80D8150BC0D83A8821101A
S31504002A78171680D815110010171680D8171140118B
S31504002A883A88091040E005401716C0D8150580D8BD
S31504002A981510801884038000366800143A000588E7
S31504002AA81E660010170D00D90E300201CC038020D3
S31504002AB8FA9004103AD125207400C1000440EE1897
S31504002AC83A88C5100C04C090170000141701401466
S31504002AD81E6A031884008005261000907400C10439
S31504002AE80472EE9C4C0080903A0005101E080010F3
S31504002AF8170080991701C0993A880B883A88098083
S31504002B08C0B908403A882110440080B53A88231889
S31504002B187AD025900402C09C1EF23F903A880BA8EE
S31504002B283A8809A03A880F883A880D8000F6084042
S31504002B383A8829103A882B18170CC0D83A00051871
S31504002B481E0800103A88050034FCCF003A880F188E
S31504002B583A8809A03A880BA83A880D10803D09409E
S31504002B6816FE03103A8809B0004609403A880B183D
S31504002B783A8809103A880DA03A880FA8C0B90840BF
S31504002B883A881100340750023A8809103A880B1813
S31504002B983A880F483A880D4080B20840170F00D982
S31504002BA83A882D103430BF003A88B9183A882FE08D
S31504002BB81E8F02203A8805003405D0003A8809A0F9
S31504002BC83A880BA83A880F183A880D1080AA084044
S31504002BD83A8809103A880FE03A880B183A880DB0F3
S31504002BE83A8825103A882718802C0940164F8300FE
S31504002BF83C00E0E03A8809903A880B983A880F181E
S31504002C083A880DB0803D09400E0800103A8827001E
S31504002C183A882500172680D8170500DF150600D838
S31504002C283A308400150D80D8069B0100171280D906
S31504002C38171380D83A8829303A882B101702C0D837
S31504002C4816850018170D00D9840380001682001112
S31504002C58FA900420172680D97400C1000440EE189F
S31504002C683A88C510170080141701C014161E0330BD
S31504002C78170500D9170FC0D83A8823A83A8821A07F
S31504002C883A882B193A883920060F00003A88050035
S31504002C983409D0003A8809503A880B583A880F18EC
S31504002CA83A880D10C0B908403A880B183A880D00BE
S31504002CB83A880F003A8809103A8821103A88231866
S31504002CC800240940264500103A880D903A880F9842
S31504002CD83A8809803A880B8800F608403A880B181F
S31504002CE83A880910805509403A8809103A88291003
S31504002CF8004609403A880F183A8809903A880B988A
S31504002D083A880D10C0B908403A880F183A880B88D3
S31504002D183A8809803A880D1080AA08403A8815101E
S31504002D28040C80A0050080E0440000E73A881718E0
S31504002D381ED67FE53A880D503A880F183A88095006
S31504002D483A880B1880B208403A880D103A880990D8
S31504002D583A880B983A880F183A8821103A88231823
S31504002D68803D0940160800103A880B983A880D8069
S31504002D783A880F883A880990801B09401E17001064
S31504002D884C0080A026150010170D80D8150480D88D
S31504002D983A8809E0C4FF3F210700C020440E80009A
S31504002DA81E088018170580D81EFA3F111704C0D8C4
S31504002DB8170580D9040C80004400C0181504C0D82F
S31504002DC805008030030080201704C0D8440000277B
S31504002DD844008010150DC0D805008020171600D9A8
S31504002DE8170740D940880540050000E0170D80D92B
S31504002DF81727C0D8172900D9440080301500801831
S31504002E08269C02201705C0D815000027065D3E003B
S31504002E18170D80D97400C1000440EE18171200D9A2
S31504002E28FA900430171340D93A88C51017000012CF
S31504002E38170140123A880D403A880F48803D0940E8
S31504002E480E030010170D80D8C4FFBF10150D80D8C7
S31504002E58150C00D806A83E00170B00D93AC02C203A
S31504002E681EC700B0171100DC171080DC3A8827004B
S31504002E780E0B0004170AC0D80E09C0003A8805804C
S31504002E881613011C170A00D9171180D93AC8A1804C
S31504002E983AC889203AC88D30150A00D9151180D93F
S31504002EA8171080D80E158000170BC0D83A000518DD
S31504002EB81EC901100E0E8004171600D93A880B98FD
S31504002EC83A880D90006D0640171600D9170780D961
S31504002ED83A880B103A88271040310640171600D94D
S31504002EE8170740D93A88231040880540150740DC5F
S31504002EF8171000D93AC88D241E0E0130171600D9AA
S31504002F08440040043A880B8880560640170980D93D
S31504002F183A8825100E048001171600D93A880B1032
S31504002F28006D06403A882510171780D80EF3808856
S31504002F383A882300170980D91E9E01304400C00030
S31504002F48170A00D93A88C520CC07C0101E84001871
S31504002F5804078000170A00D9171180D93A88A18076
S31504002F683A8889203A888D30150A00D9151180D9EE
S31504002F78171180D80E058000170740D9171600D9EF
S31504002F883A880D10801C0640150780D8170AC0D841
S31504002F980E05C000171600D93A880B903A880D1802
S31504002FA8801C06403A882510170C00D93A000520DB
S31504002FB8266F0110170F00D90E170201170B80D9B7
S31504002FC83A0005301E8800100E050004171600D9AD
S31504002FD83A880B983A880D80801C06403A88271050
S31504002FE83AC004881E5402103A880B98170580DDE7
S31504002FF81506C0DC4C0000A73A882728170700D90D
S315040030083A880B9080470240170700D9170640D91B
S315040030183A882310040CC08D009E0540171600D963
S315040030283A880B903A880D983A882910C0030640C6
S315040030383A882B10170380101E280110170700D989
S315040030483A880BA8009E0540171600D93A8821101D
S315040030583A880BA8408805401E040080171780D8B4
S315040030681E0200103AC004E026170110160601A035
S315040030781E0400A01717C0D81E0200183AC004E0A0
S3150400308826010110163D02040500C0B5170580D9AE
S31504003098170F00D9440080B53A880531266580B0F3
S315040030A8170740D9171600D9840280013A880F00F9
S315040030B8405A0640150780D8170680D8260CC1142E
S315040030C8170640D9171600D9840280013A880F00DA
S315040030D8405A0640171600D93A880B98840280018C
S315040030E83A880F00150680D8405A06403A882710B1
S315040030F806C23F003AC845243A9888A0064B3E00C3
S31504003108C4FFBF0144008000150E80D9150F80D96D
S31504003118150B80D81716C0D8C405800015110018D9
S315040031282E0880150401C0003A8809003A88C71891
S3150400313804058018440000212EFCBFB0171680D958
S3150400314815110031170F00DC064B3E00171780D9FE
S315040031583A88230004FFBF31151780D906F83D00C5
S31504003168040880003AC8C9100401C000165A001998
S31504003178C4008000167E3F110407802006753F00B0
S31504003188171780D9440080000EA18011170F80D923
S315040031981710C0D8C4FFBF3016C681183AC8A51878
S315040031A8170F80D816620210171100DC3A88071028
S315040031B8170A80D9171180D8171600D93A88CD303E
S315040031C83A88C51044004001150A80D9151180D8DB
S315040031D8805606403A88271006253F007400C10029
S315040031E80422EE1806673D00170580DD4400000436
S315040031F806070000170740D9171600D9840280016C
S315040032083A880F00405A0640150780D844000084BF
S31504003218170700D93A880B9080470240040CC0155A
S315040032280500C0B5170FC0D8440080B516F1FF8055
S31504003238150600D8170740D9171600D94400800187
S31504003248801C06403A8809103A880B90150780D8DE
S31504003258009E05400E3C80003A8809B0C4FF3F2111
S3150400326803004021440E8000CC3FC0281C20C0180F
S3150400327804E0FF181E988118170580D91EF7BF2188
S31504003288170D80D84400003744008010150D80D8E7
S31504003298440C800005008030171600D93A880B9034
S315040032A84088054026CD3E981706C0D8260400183F
S315040032B82603C01C171600D93A880B1840880540FF
S315040032C8171600D93A880B984088054006C33E006D
S315040032D83A88051806EB3E00170A80D91711C0D894
S315040032E804FFBF203A888D303A8887183A88A18027
S315040032F8150A80D91511C0D8061D3F001E0C3FA01B
S3150400330834048000C4FFBF103A7084A81E083F1016
S315040033182CFC9FA826063F101711C0D8170A00D9F7
S315040033284400C018440000211511C0D8150A00D954
S3150400333806003F00170740D9171600D9006D064046
S31504003348150780D806ED3E001E0200104C0080B812
S315040033581EC13F10C4FFBFB50700C0B0040C8000EF
S3150400336826FCBF18440000B706CB3F00170D80D9CA
S315040033783AC88F0126F70138CC038039FA900C3005
S315040033887400410104406E29171200D93A884D3158
S315040033981701C03017008030171340D93AD12138A5
S315040033A83A880D103A880F18C0B908403A8811109F
S315040033B83A8813183A8829103A882B1826E5018082
S315040033C8840080057400410404726E8C4C0080806D
S315040033D83A0005101E080010170080891701C089D5
S315040033E83A880B483A880940C0B908403A88111007
S315040033F8440080B53A8813187AD021800402408C98
S315040034081EF23F803A8829403A882B4806CA3D006E
S31504003418170800D93A0005201EF60110171100DC1A
S31504003428171080DCC40CC11806613F00150B00D8C0
S31504003438172680D9170DC0D8440080303A88AD18AD
S31504003448C4FF3FB1150E00D90EF68105150F80DDB0
S3150400345806303F00150B00D8172600D90EEB0101DC
S315040034683A882D20150E00D9150F00D906293F00D4
S3150400347844008001150B80D906F73F00440000017B
S31504003488150B00D906EA3F000E0C0004170740D9AD
S31504003498171600D944008001801C06403A88091092
S315040034A83A880B90150780D8009E05400EE08100E7
S315040034B84400C0BD840E800026A281B8440000B72B
S315040034C80500C0B506743F00440E8000269D81B8E9
S315040034D80EFA3F05440CC08D06F83F00171600D9AE
S315040034E83A880BA8440000044088054006DF3E00DD
S315040034F8171600D93A880B98840280013A880F0077
S31504003508405A06403A882710150680D806BB3E005E
S31504003518171180D9170D80D8150900D83AC88D30E7
S315040035283AC88700151180D91510C0D806FE3C0084
S315040035383AC88D01151180D9150A00D806F33C003E
S31504003548170D00D9004609403A880B883A8809803D
S315040035583A880F183A880D100024094026E13C10D1
S31504003568170D80D9C4FFBF31150D80D906DD3C007F
S31504003578170700D93A880B90009E05400E8D3E1019
S31504003588170740D9171600D9840280013A880F0014
S31504003598405A0640170D80D9150780D8C4FFBF3195
S315040035A8150D80D91EA701B0170E80D8150F80D81F
S315040035B806803E00170480903A8885103A8885105C
S315040035C83A88851417040011C08A05400408C00007
S315040035D83AC88718065A3E00170740D9171080D9E3
S315040035E8171600D9006D0640150780D806433E0015
S315040035F8170F80D9170D80D8150380D9150480D8DC
S31504003608170BC0D83A0005181EE20010170300D994
S315040036183A88050034F8CF00FA900C2074000101AA
S3150400362804402E213A880B183A880D3117FF7F3249
S3150400363817FE3F323A8809103A880F483A880D40EF
S3150400364800F608403A880B183A880DB03A880FB83D
S315040036583A88091080AA08403A880BA83A8809A02B
S315040036681519C0D8151880D8805509403A88091004
S315040036783A882710004609403A880BA83A8809A0D0
S315040036883A880F183A880D1080AA0840171880D966
S315040036983A882318151480D83A882D30170580D906
S315040036A8040CC09C151540DC1719C0D80500C03495
S315040036B8170580D8171940D9171480D93A8809B03C
S315040036C83A880F883A882F1844000017802C094036
S315040036D8164E8000171480D93A88050034FCCF00AA
S315040036E83A880B183A880F883A88091080AA08403D
S315040036F8171940D93A880F183A8809B03A880D102C
S31504003708802C094016A2BD001703C0D844008000C7
S315040037181612C01006453D00171480D93A880500CC
S3150400372834FCCF003A880B183A880F883A8809106F
S3150400373880AA0840171BC0D93A880B183A8809107A
S315040037483A880DB0803D094016913D10170580D979
S31504003758170300D93A8805312634BDE034095004E4
S315040037683A8821003A880BB83A8809B03A880D8015
S315040037783A880F88C0B90840171540D9171400D9D4
S315040037883A880F883A880D00151A80D8151BC0D8B0
S31504003798C0B908403A880B183A8809103A88231899
S315040037A83A882110805509403A8809103A882B101E
S315040037B8004609403A880B883A8809803A880F18DF
S315040037C83A880D1080AA08403A882110171B00D998
S315040037D83A882318151400DC040C40AD151540DC92
S315040037E8171A80D8050040E53A882F20171BC0D938
S315040037F8171400D93A880B883A880D103A882D1080
S31504003808440000E7803D09400EC33F10170400D961
S31504003818150D00D906713D00171780D9840080005C
S315040038280EE6BD111EFB3C20171600D93A880B90EC
S31504003838440180013A880F00405A0640170700D908
S315040038483A880B103A882510009E05400EF1BC00F4
S31504003858170DC0D8170500D9150600D84400C01896
S31504003868150DC0D8440C80004400002705008020AC
S3150400387806893E001705C0D806C23B0074008101BC
S315040038880472AE311709C03017088030171200D9F0
S31504003898171340D93A880F183A880D1000F60840CD
S315040038A8CC038094C40080053A8829103A882B18DA
S315040038B806893C00171000D9170980D93A882500CB
S315040038C83AC805113A8889203A888D30151000D9E6
S315040038D8150980D906323E00440080284400002792
S315040038E805008020066C3E00170F80D816E0BC0041
S315040038F8170F80D91EC53C303A8805003405D00018
S315040039083A880B983A880F183A8809903A880D101D
S31504003918C0B908403A880B183A880FA83A8809109B
S315040039283A880DA0003509400EB83C103A8827009D
S315040039383A88250006C63F0017014099171600D98C
S3150400394840E00540170480990403001104034099D4
S315040039583A888D313A888D31040280313A882310A9
S31504003968C0660540171600D93A880B8844008001BA
S31504003978801C06403A880B10069C3D00440E8000C5
S31504003988267080B8440080B8440000B7050080B0AB
S3150400399806413E00170380D8740081010440AE3105
S315040039A83A8809B0FA900E103A880BB83A888F39D3
S315040039B817FEBF38170580D917FFFF3844000037AC
S315040039C83A880F183A880D10C0B908403A880BA8E7
S315040039D83A8809A03A882F183A882D108055094044
S315040039E83A8809103A882710004609403A880BA8ED
S315040039F83A8809A03A880F183A880D1080AA084010
S31504003A083A880B181705C0D8040CC09C3A880910C4
S31504003A180500C01C3A882120170300D944008000F9
S31504003A283A882328262280203A8829103A880500CD
S31504003A383409D0003A880F183A880D103A880B884A
S31504003A483A880980C0B908403A880B183A88091098
S31504003A583A8823183A882110805509403A8809106B
S31504003A683A882B10004609403A880B883A88098018
S31504003A783A880F183A880D1080AA08403A880B1815
S31504003A881705C0D83A880910040C40AD3A88051DB4
S31504003A98050040153A882120170300D9440000A5DB
S31504003AA83A8823281EE13FA13A8805E5C4FF3F1753
S31504003AB83A88250034F8CF043A8809B03A880BB80E
S31504003AC83A880D903A880F9880B208403A880B18BD
S31504003AD83A8809103A880D803A880F88803D09404B
S31504003AE816AB3C103A8809003A880B983A880FB8FE
S31504003AF83A880DB080AA08403A880B183A880F8885
S31504003B083A8809103A880D80802C09400E47BC0073
S31504003B18040CC000C4FF3FE7070080E026FDFF1041
S31504003B28170480D9440000E7150D80D906AB3C007C
S31504003B38170FC0D8171100D93AC8E1203A880700E8
S31504003B48069B3D00440E8000050080B0440080B505
S31504003B5806C13D008400800506F73B00170F00D90F
S31504003B680E003C01170E80D90E30BC013A880500B8
S31504003B783409D0003A880BA83A880F183A8809A05D
S31504003B883A880D10C0B90840440000B13A8821109B
S31504003B983A882318004609403A880B883A880980E7
S31504003BA83A880F183A880D10C0B908403A881100A7
S31504003BB8340750023A880B183A880F483A8809108D
S31504003BC83A880D4080B208403A882D103430BF0038
S31504003BD83A88EF10170D80D8170EC0D83A8829806E
S31504003BE8C4FFBF103A882B88150480D81503C0D89B
S31504003BF806833E00170180D8171100DC171080DCF5
S31504003C08840DC0003AC8871806693D00440080013F
S31504003C183A882130150F80D9152680D9150E80D9F2
S31504003C2806933B003A8821B0150F80DD06903B00C9
S31504003C381E223E104C0080B83A0005101E1F3E1086
S31504003C48061B3E00171600D93A880B988402800191
S31504003C583A880F00405A0640170EC0D83A882710EB
S31504003C68150FC0D806D33C0004FBFFDE1503C0DCE1
S31504003C78150280DC1504C0DF150140DC150000DCE4
S31504003C883A8827203A88252826020020170E8020FD
S31504003C98265600100B030091CCFFFF201C00E018E9
S31504003CA80400E0180C0280181E2600101701C090A4
S31504003CB8140082200D0380903A8809100E40C00033
S31504003CC8170A0092264000400C0084202653001050
S31504003CD8171400940B0380900C0180101E480010E2
S31504003CE8170740913A8809983A880D803A880F0050
S31504003CF83AE83E401E2680800B0380901704009104
S31504003D0815010090CCFFBD10CCFFFF100C00C418A1
S31504003D180D03809015000091262B00183A88070099
S31504003D283A880518151400941704C0DF1703C0DC75
S31504003D38170280DC170140DC170000DC0405C0DE2E
S31504003D483A2800F817044094261F00881700809024
S31504003D58CC00C018150040943AC8611426250018EA
S31504003D683A880500150280900E1700041709C090BA
S31504003D78170740913A880D883A880F803A88099837
S31504003D883AE83E183A88A3883AC8A18016F6BF00CE
S31504003D980B038090C4FFFF00141080100D0380905D
S31504003DA83A8805181704C0DF1703C0DC170280DC3D
S31504003DB8170140DC170000DC0405C0DE3A2800F8C9
S31504003DC8170F809016BEBF003A8807003A88051870
S31504003DD81704C0DF1703C0DC170280DC170140DCB8
S31504003DE8170000DC0405C0DE3A2800F880F003401A
S31504003DF806A83F00170580901502809006DA3F0052
S31504003E0817018090170CC0903AC8A18026B43F18B1
S31504003E18170F80903AC8A18006B13F001707409152
S31504003E283A8809983A880D004400C0013AE83E40A9
S31504003E383A882110C4FFBF0026028080170A009220
S31504003E4806A43F001700C0984407800026DEBF1862
S31504003E580B0380903A880780141080100D03809015
S31504003E6806CF3F0034004101041C4F293A88072035
S31504003E782605002074008100045CB51017000011A3
S31504003E883A880B1801C7034074008100045DB51015
S31504003E981700001101A704403400810004749C1023
S31504003EA8150B80203400810004AF9C10150880206F
S31504003EB83400C1000490DC183400810004769C1098
S31504003EC80D0340218D0380211509C020150A802081
S31504003ED815000020150100201502002015040020F5
S31504003EE81505002015060020150700213A2800F8B4
S31504003EF83A2800F83A2800F83A2800F83A2800F848
S31504003F08170E802004FDFFDE150140DC150000DCD9
S31504003F181502C0DF44004004040140013A880D003C
S31504003F283A88212004BB00223A880F20260500106F
S31504003F381702C0DF170140DC170000DC0403C0DEEB
S31504003F483A2800F8170100213400810004FB8F1079
S31504003F58C400C000150F808015B9C08015BA008248
S31504003F68150E408415B8008000EA03401702008144
S31504003F783A880D883A880F808402400100EA034093
S31504003F88170300813A880F80840440018400800165
S31504003F981702C0DF170140DC170000DC0403C0DE8B
S31504003FA801EA03403A8805003A2800F83A880500E9
S31504003FB83A2800F874008100045CB5101700001153
S31504003FC83400410104ED4F2981B304407400810093
S31504003FD8045CB510170000113400410104EB4F29A5
S31504003FE881B304403400410104F95D2981B30440D6
S31504003FF874008100045DB51017000011C1FE03406A
S3150400400804FCFFDE150000DC3A882128150140DC93
S31504004018041740013A8823203A8809801503C0DF2B
S315040040281502C0DC00910940040340113A88098846
S315040040383A88271080E404400403C0103A88231001
S315040040483A8809183A880D983A880B00260B001006
S31504004058150100141502C01015000010C07E054095
S315040040683A8805881703C0DF1702C0DC170140DC4D
S31504004078170000DC0404C0DE3A2800F83A88230056
S315040040883A8805881703C0DF1702C0DC170140DC2D
S31504004098170000DC0404C0DE3A2800F804FDFFDE3D
S315040040A874008100045DB510150000DC17000014C7
S315040040B8150140DC1502C0DF170E80803A882320DC
S315040040C82626001004B80084170180801702008190
S315040040D8C4FFFF10160900180F038020260B0010D2
S315040040E8C4FF7F01060200000F0380202607001084
S315040040F8C4FFFF18041700211EFB7F1917008080D0
S31504004108261900103A88211006EF3F00C4FFBF00A5
S315040041184400C0008D0380200D03C0201500002034
S31504004128150200201501002015040020150500209D
S3150400413815060020150C0020150D00201511002069
S31504004148151200203A8805201702C0DF170140DC43
S31504004158170000DC0403C0DE3A2800F83A88098010
S3150400416880F0034006D73F003A88098804014001D5
S3150400417880000440150080801EE23F10040380007E
S315040041883A8809001500808806EE3F0004FBFFDE26
S315040041981503C0DC7400C10404D8EF9C150280DC46
S315040041A8150140DC150000DC3A8823283A882520C6
S315040041B81504C0DFC03D0A40170280983A88099062
S315040041C83A880B001701C01004FFBF003A70A01804
S315040041D83AC86384C4FB438C3AD32288C4FF830059
S315040041E8C4FF7F8C3A9322880E06401400160740B3
S315040041F81702C0983A8809903AC84B043A88C78087
S315040042082609C010003E0A403A8805001704C0DF94
S315040042181703C0DC170280DC170140DC170000DC3A
S315040042280405C0DE3A2800F83A88099000160740C3
S315040042383AC84D84C4FFFF003A8809903A880B00AF
S315040042487400C1010410FC39540080312609C010D9
S31504004258170080381702C0983A8809903AC8451456
S315040042681500803815018019003E0A404400800074
S3150400427806E63F0000160740170280993A880F1091
S315040042883A8809903AC88711C40380005400401933
S315040042980EDCFF10740081000461B5101700C0100D
S315040042A8740081000410BC10150140313AC8C7389F
S315040042B81500C01006D33F0004FDFFDE150140DCDF
S315040042C8150000DC1502C0DF3A8821283A88232025
S315040042D8265A0028C03D0A4004FE3F821701404181
S315040042E884FFBF007400810204D8AF523A708E2846
S315040042F83A88CD411701C0301702005104FFBF00A8
S315040043083A7092183A881750266700314C0080286C
S315040043183A000510150140321E1A00103A880B009F
S315040043283A884732170180184C0080101E23001063
S315040043383AC00A283A884F3A1E450028170200311F
S315040043487400810004DAAF10267B802017038030BE
S315040043583A88073A1500C01915020011150380207A
S315040043685400803815018040261A00283A8809889E
S315040043781702C0DF170140DC170000DC0403C0DEA7
S31504004388013E0A4017FEBF800402C0503AC8914055
S31504004398170200413A888F382661C02017038040E7
S315040043A83A8847323A880B00150200111503802013
S315040043B8170180184C00801026DD3F105400803801
S315040043C83A88073A3AC00A28150180401500C019E8
S315040043D81EE63F28C47F80002E1FC0117AD20638F5
S315040043E81E480018FAD00438FA9006103A88CD1AEE
S315040043F817024031265940311701802804FFFF006F
S315040044083A70C4102E028038170240291EFA7F31EA
S315040044181703802915038041150240413A88098803
S315040044281503002A150200321702C0DF170140DC03
S31504004438170000DC0403C0DE013E0A401702C0DF91
S31504004448170140DC170000DC0403C0DE3A2800F834
S315040044581702003106BD3F00FAD006384400800032
S3150400446817014051FA900818BAD007183A88C92291
S31504004478170280213A98C410150300411502804199
S315040044883AB08A28150200223A880988150140514B
S31504004498150300321702C0DF170140DC170000DCE1
S315040044A80403C0DE013E0A404C0080283A884D3A8F
S315040044B81E07001017FEBF803AC891401703004133
S315040044C81702C0403A888D301502C020150300191A
S315040044D8740081000460B510170000115400C03040
S315040044E8150200521501C04036A03F317400810000
S315040044F80406BC10170040113A880988401904407C
S31504004508069A3F00040180002E07C01004058000A7
S315040045183619C010C4168018FA90061006B33F0060
S3150400452844004001067E3F00BAD10438040E8010C8
S31504004538FA90061006AD3F00150300221502002264
S315040045483A88053A5400C0381500C01115020041CE
S315040045581501C0401503004106843F00BAD0051072
S315040045684400C000170100513A9886183AB0C8208A
S315040045781501005106A73F00041580003604C01033
S315040045883AD30438841B8010FA90061006973F0025
S31504004598045580003604C010FAD30438C41D8010AC
S315040045A8FA90061006913F00045581002E03C010A8
S315040045B8841F800004FCC000068C3F00BAD404386B
S315040045C8041F8010FA90061006883F0017028030F0
S315040045D804F5FFDE150900DF150780DD150380DC09
S315040045E8150AC0DF1508C0DD150640DD150500DD12
S315040045F81504C0DC150240DC150100DC3A882D30B0
S315040046083A8839203A882528261C00100B03C02925
S315040046180C02803826270010170480282625001047
S315040046288C008038170040B5262800103A882100E7
S315040046383A8823003A880D883A8809E004008100FC
S31504004648266E00803A880F80170740912E010014C1
S315040046583A880F101709C0903AE83E183A880710A6
S315040046683AC8A1803A88A3880E6D8000170280B0E4
S315040046783AC8C510150280B01EEE3F103A880900E4
S315040046883A880520170AC0DF170900DF1708C0DDB6
S31504004698170780DD170640DD170500DD1704C0DCA3
S315040046A8170380DC170240DC170100DC040BC0DEAC
S315040046B83A2800F8C03302401EE400100B03C091E8
S315040046C8170040B58C0080381ED83F104C0080383F
S315040046D83A000510265700103A8829003A882F0010
S315040046E8264200A00C80803817020094268B0010FE
S315040046F83A880D8036A500A40C2081382627001098
S315040047081705809017040092170040913A8887107D
S315040047183A888718FAD708183AC8212A44008080A4
S315040047283A88C9207AD027203A8885A03A880D98ED
S315040047382E0280983A8827103A880D100C00813882
S3150400474826B800103A880B303A8809E080E4044019
S3150400475826310010170440913A8809103A880D80CA
S315040047683A882310C06605400B03C090C4FFBE00F8
S315040047783A7086181420C0180D03C0903AC8079CCE
S315040047883A88058C3A880DA03A8821A015008090AD
S315040047981502C090150440941505C094170000919D
S315040047A83A880BB83A8823A0C07005401702C0900F
S315040047B8170080903A8827A03AC8071C3A88051437
S315040047C81502C0903A8821A015008090170280B07F
S315040047D83AC80514150280B026A83F103AC869A439
S315040047E80B03C0913A88EFBC1EBE3FA01700C0ADAC
S315040047F8170100AD040240AD06B93F00170040ACEE
S31504004808170100AC040240AD068A3F001704409124
S315040048183A8809E0002C044004038000150080E06F
S315040048280B038090C4FF3F01141080100D03809081
S3150400483806933F003A8827003A882F00150000D8C7
S315040048483A882900261E00981700C0D83AC00418CA
S31504004858265E00103A8821982E01C0A43A8821A021
S315040048681700009117048090170280911705C091CC
S315040048782E0200113A88E3311616008C1638C081C8
S315040048881709C090170740913A8809E03A880DB885
S315040048983AE83E183A8823100EE1BF003AC869A4DC
S315040048A8261800A0170280B03AC84514150280B02D
S315040048B826723F103AC8679C3A886FBC1EE23F9836
S315040048C81700C0AD1701C0AC040240AD150000D8EE
S315040048D806DC3F003A880BB83A880D88C070054054
S315040048E81700C0903A8809E03A880B903A88471C22
S315040048F81500C09000C703401EC93F103AC869A4F2
S315040049081EE83FA03A8809E03A880B9000C703409E
S315040049181EC33F10150000D806E23F001700009199
S31504004928170480902E0200113A88238036310085B8
S315040049381705C0913618C0A11709C09017074091EA
S315040049483A8809E03A880DB83AE83E183A882110B8
S315040049580EB3BF003A8823103A882710069B3F00F7
S315040049683A880BB83A880D80C07005401702C09083
S31504004978170080903A8823803AC8071C3A88051499
S315040049881502C0901500809006C43F003A880DA011
S315040049983A8821A006813F003A880BB83A880DA0C8
S315040049A8C07005401702C090170080903A8821A06D
S315040049B83AC8071D3A8805153A8823A03A8827A0D5
S315040049C81502C0901500809006803F003A8809B801
S315040049D8840240013A880D9880580540261700102D
S315040049E83AC8C5154400001544008000150080D84F
S315040049F806983F003A880BB83A880D80C07005407F
S31504004A081700C0903A8809E03A880B903A88071C40
S31504004A181500C0903A88278000C70340266B3F10CC
S31504004A28067F3F003A880B403A8809E0C0AF064043
S31504004A3826763F103A88231006503F004400C000EB
S31504004A484400009D1500C0D806823F000B038090E1
S31504004A584402C000C4FF3F01141080100D03809067
S31504004A681500C0E006063F0004F7FFDE1503C0DCA8
S31504004A7804B8C024150680DD150540DD1508C0DF19
S31504004A881507C0DD150400DD150280DC150140DCC0
S31504004A98150000DC3A882B203A882D2880EF03403D
S31504004AA8262100983A882F001701809C1702009C3B
S31504004AB8C4FFBF90160D00103A882300C4FF3F05B3
S31504004AC80F0380804400408C260600108F038080E4
S31504004AD83A880B803A8809A8260200153AE83EB0B7
S31504004AE83AB0AEB8041700841EF57F941700C09C2C
S31504004AF81EED3F98C0EF03403A8805B81708C0DF93
S31504004B081707C0DD170680DD170540DD170400DD2D
S31504004B181703C0DC170280DC170140DC170000DC31
S31504004B280409C0DE3A2800F83A882F0006F13F0047
S31504004B3804F8FFDE1503C0DC04B8C024150540DDFF
S31504004B481507C0DF150680DD150400DD150280DCB7
S31504004B58150140DC150000DC3A882B2880EF034059
S31504004B68261F00983A882D001701809C1702009C7E
S31504004B78C4FFBF90160C00103A882300C4FF3F05F3
S31504004B880F0380804400408C260500108F03808024
S31504004B983A880980260200153AE83EA83AB0ACB02D
S31504004BA8041700841EF67F941700C09C1EEE3F98D7
S31504004BB8C0EF03403A8805B01707C0DF170680DD43
S31504004BC8170540DD170400DD1703C0DC170280DC77
S31504004BD8170140DC170000DC0408C0DE3A2800F898
S31504004BE83A882D0006F23F001703A0D03A2800F8A9
S31504004BF8740081000434AE103A2800F87400810069
S31504004C08045CB5101700001181BF044004FCFFDEE4
S31504004C187400C100042FEE18150280DC150140DC6F
S31504004C28150000DC3A8823203A8825281503C0DFB6
S31504004C383A8821303A8809303A880B182609003010
S31504004C48C03107403A88098074004101041A6E2964
S31504004C581E0B0010150D008C150C808C7400C100F9
S31504004C68042FEE183A8805181703C0DF170280DCEC
S31504004C78170140DC170000DC0404C0DE3A2800F8FB
S31504004C88C03107403A88070026F23F1006F53F0070
S31504004C9874008101045CB5313A8807201700003195
S31504004CA83A880D283A880B1841C104400B0380281A
S31504004CB804EDFFDE151040DC8C008010150F00DCB7
S31504004CC81512C0DF151180DC3A8821283A8823207A
S31504004CD8260B0010C410C02844008000150580283F
S31504004CE81504C0281500C0281712C0DF171180DC68
S31504004CF8171040DC170F00DC0413C0DE3A2800F84E
S31504004D088F034029162100283A880DD8807F07404A
S31504004D18161E0010170180D81400E0000C003C1180
S31504004D282631C0200B0380800400C80014008210BA
S31504004D380D038080261EC020040081043A88098851
S31504004D483A880B9080E404403A880910263100100A
S31504004D580B03C0803400810004FB8F10150F808874
S31504004D681420C018150580840D03C080150400811D
S31504004D78150000811712C0DF171180DC171040DCFC
S31504004D88170F00DC0413C0DE3A2800F80B03C080B2
S31504004D980C208018260400100410800414008218BD
S31504004DA80D03808006E53F000400810406FB3F00EE
S31504004DB88F0340813A880988C086074026DE3F105B
S31504004DC80B038080C410C080040081045400801042
S31504004DD80D038080440080001504C080150580807A
S31504004DE81500C08006D53F00170AC080340081002C
S31504004DF804769C101ECBBF180B0380800400C100E8
S31504004E083A8825183AB0C4100D0380801513C0805B
S31504004E1806CA3F000B0300810C8080201EB23F1097
S31504004E28C410C080940000214400800015058080C9
S31504004E380D0300811504C0801500C08006AA3F0032
S31504004E4804F6FFDEC402C02884058000150280DC4F
S31504004E581509C0DF150800DF1507C0DD150680DD56
S31504004E68150540DD150400DD1503C0DC150140DC1D
S31504004E78150000DC3A8825203612C01004044004C4
S31504004E882E144089040380003A8807001500809090
S31504004E983A8805181709C0DF170800DF1707C0DDA9
S31504004EA8170680DD170540DD170400DD1703C0DC8F
S31504004EB8170280DC170140DC170000DC040AC0DE98
S31504004EC83A2800F804FEBF003A70A21816ED3F8887
S31504004ED836EC7F893A880990C03D0A40C47D800033
S31504004EE82E2B40147AD206881E3F0018FAD00C8856
S31504004EF8FA9004307400C10204D8EF5A3A88CB12E7
S31504004F081703002C3A880F581E04002C060A0000C2
S31504004F180E860018170300842607002C17018080C4
S31504004F2804FFFF003A70C8103AC84724C403800037
S31504004F380EF7FF10C4FFBF314400403274008102EB
S31504004F4804DAAF521702005426A080821701808023
S31504004F5804FFFF003A70CA103AC84D2CC4038000F7
S31504004F6816838011150380521502805216290030C3
S31504004F783A884781170180183A88099054008010A6
S31504004F8815018018003E0A400402C08006C03F008E
S31504004F987400C10204D8EF5A3A88C58A1703001464
S31504004FA83A880F58FAD00688266C00141701C08070
S31504004FB804FFBF00170380813A7086183A88C780B1
S31504004FC817018018170240813A8809905400801006
S31504004FD8150180181502403115038029003E0A4040
S31504004FE80402C08006AA3F00040180002E05C010F2
S31504004FF8040580003678C010C4168019FA90043067
S3150400500806BC3F00BAD10488040E8011FA90043015
S3150400501806B83F00C47F800036BB4011FAD0062884
S3150400502804FE3F5744008000FA900818BAD00718BF
S315040050381701C0E13A880959170240213A98C41061
S3150400504815030081150240813AB08E381503002CE9
S31504005058150200241501C0E13A88074816CD004810
S31504005068BAD00718440080003A98C8103644003964
S315040050783A70C4211E0A00103A88092104FFBF00A9
S315040050883A7084483A700639040140121E0400181E
S315040050983A8809213A7004390401404A26FC3F102B
S315040050A8FA9004483A88194804FF3F023A889B58FC
S315040050B83A880768C40340011703001C1E04001C31
S315040050C806A700000EAB00301703008426A4001CB4
S315040050D8170180803A7004123AC84D140EF9BF2994
S315040050E8170300811702C080540040893A88458412
S315040050F81502C02015030019150140813A88871145
S31504005108540000311503805015028050150080198B
S315040051181501001115028012150380123A880990A8
S31504005128003E0A400402C08006593F003A880981B5
S31504005138170180201702C08017034081540080108D
S31504005148150180201502C028150340193A880990CC
S31504005158003E0A400402C080064D3F0004028080D7
S31504005168170300141E913F148400401A06733F0067
S315040051785400C0883A8845841501C08006DF3F007C
S31504005188170200E404FFBF001701C0803A882D8087
S315040051983A70AA18361640AC3AC849ACC40380001B
S315040051A80E130011540080883A88478415018080BC
S315040051B854008020150180181502C0E03A88099029
S315040051C8003E0A400402C08006313F001701C03978
S315040051D804FE3F5706A03F00041580003667C0103A
S315040051E83AD30488841B8011FA90043006413F00A0
S315040051F817AAA6D01705E0D0C4FF3F0504048010FB
S315040052083A88A7882603001DC4FFC3980400BC0077
S315040052183A70A6183A8809903A880B9800160740F7
S315040052283A880910260400153A884B853A882910C5
S315040052382E5A4011260C0087170200E41701C08075
S3150400524804FFBF003A708418360340143AC8491458
S31504005258C403800016D33F113A880990003E0A40D9
S315040052683A880700060A3F007400C1050410FCBD0D
S31504005278170080B83A888D98150080B91705E0D0CC
S31504005288C4FFBF00268E80183AC845213A8885305F
S31504005298150080B8CC01C0201E5F00183A880B00A0
S315040052A83A88C5A4CCFF83100400C4003AC88718FA
S315040052B83A88E7283A8809903A880B9800160740EE
S315040052C83A880710C4FFBF00267A80183AC8051D15
S315040052D83A8885985400C010170080B83A8821A0E7
S315040052E81501C0A03A888598150080B8150200E50E
S315040052F8263600B7C4038001364B40354400800087
S31504005308150180A006CD3F007AD208281E37002052
S31504005318FAD00828FA9006203A88D11A170280414A
S31504005328265B80411701803004FFFF003A70C410E1
S315040053382E028028170280311EFABF411703003255
S315040053481701C0391503008215028081740001070C
S3150400535804D82FE71503003415020044063E3F001F
S3150400536844000063CC008060265D00100402C01867
S3150400537806513F003A888980066D3F00045580002F
S315040053883620C010FAD30488C41D8011FA9004305C
S3150400539806D83E00C400C04806313F007400C10563
S315040053A80410FCBD170080B83A888D98150080B99A
S315040053B81EB23F29CCFF83201EB03F10170200E41B
S315040053C83A88459D54008010150180801700C0B89E
S315040053D817ABA6D02E01C01015ABE6D017ACA6D0D5
S315040053E82E96FF1015ACE6D006943F000401800003
S315040053F8361E0011BAD10428040E0011FA900620AC
S3150400540806C53F00045581002E1DC010841F800167
S3150400541804FC800006B73E00040280003AC8CB109C
S315040054283A886921069E3F0004FEBF0004FD3FA991
S315040054383A7088203A880BB14401C0001502C02886
S315040054481501C028170180B04C0080103AB084209A
S31504005458150180B02EDD3F31040240B13A88099027
S31504005468002C0440170200E406D83F000405800017
S3150400547836150011C4160021FA90062006A63F0028
S31504005488BAD40488041F8011FA90043006993E00A1
S31504005498BAD009207400410104D86F294400C00019
S315040054A8170180283A9806193AB0C41015018028BD
S315040054B806A33F003A8827004400C00006863F003A
S315040054C8150520D106733F0004158000361900110E
S315040054D83AD30428841B0011FA900620068E3F004E
S315040054E83A880B483A880768CC00802804FEFF18D7
S315040054F8C4FF7F29261500101702801826FAFF1004
S315040055083A880921361E3F39261D3F203A70C421A0
S31504005518260200103A88136006E13E003A880921FB
S315040055283A7004390401006326FC3F103A88136074
S3150400553806DB3E000455800036080011FAD3042819
S31504005548C41D0011FA90062006733F003A30040180
S315040055583A708E381501C0E106E93F00045581000A
S315040055682E030011841F000104FCC000066A3F00D4
S31504005578BAD40428041F0011FA90062006663F00D0
S31504005588C4008000CC3F40293A8807202E028011A7
S315040055983A708420260B0010C4FF3F311E050030E4
S315040055A8062C0000C4FF3F21C4FFBF004400C018F6
S315040055B826288020030080181EFABF283A88051872
S315040055C83A2800F83A8811003A8807000401C0010D
S315040055D83A9204404400C0183A8851111EFCFF1937
S315040055E8F4BFBF02C4BFBF52742060020420604ADD
S315040055F8C400C0021700802004FFBF313A880F2078
S315040056083AF004123A8887123A70461A3A308400F5
S315040056183A70C410260B001003008020260F802839
S31504005628430080204400C021260C80288300802063
S315040056388400C02126098028C3008020C400C02114
S31504005648260680280401002136EABF593A8807202D
S3150400565806D13F003A8805003A2800F83A88053802
S315040056683A2800F8C403C0013A8807202E03803973
S315040056783AB00429CC00801026090010260600300A
S315040056883A88CD3003008028440040290500801854
S315040056984400C0181EFBFF303A8805203A2800F853
S315040056A83A8811383A880F201700C02804FCBF31FD
S315040056B81500C03817018028150180381702C0283C
S315040056C81502C038170380280404402915038038B6
S315040056D80404C03936F4BF41C40080002E07801183
S315040056E83A8807101700802804FFBF3104014029AF
S315040056F8150080380401C03936FABF193A880738C4
S3150400570806DE3F003A8807283A8811202E0C00291D
S315040057183A888F292E0AC021260700303A8887211D
S315040057283AC88D19C4FFFF3903008038C4FFFF182F
S31504005738050080181EFBBF193A8805203A2800F888
S31504005748C403C001360A803926FB3F303A880F4025
S315040057583A880D3203008028440040290500803821
S315040057684400C0391EFBBF393A8805203A2800F898
S315040057783AB00419CC0080101EF33F103A88113849
S315040057883A880B183A880F201700C02804FCBF3142
S315040057981500C03817018028150180381702C0285B
S315040057A81502C038170380280404402915038038D5
S315040057B80404C03936F4BF41C40080002E078011A2
S315040057C83A8807101700802804FFBF3104014029CE
S315040057D8150080380401C03936FABF193A881138D9
S315040057E806D93F00C4008000CC3F40293A880720E8
S315040057F82E0280113A7084202608001026050030EF
S315040058083A8805283A88CD30050080184400C0181F
S315040058181EFDBF193A8805203A2800F83A9204284A
S31504005828C40300023A880F203AB084283A94061032
S315040058383AB0C6102E0A80413A88054004FCBF31A6
S315040058481500C0381501C0381502C0381503C0380C
S315040058580404C03936F9BF11C40080002E0580112E
S3150400586804FFBF31C40080001500C0380401C039E4
S3150400587836FBBF113A88073806E03F002608002899
S3150400588817018028171300213A8885103A8885104D
S315040058983A8805111700C0101500C02815004011D4
S315040058A83A2800F8ECFFBF20261400103A880700AF
S315040058B82CC0BF201E0200103A9208200402C01809
S315040058C82C00BC201E0200103A9108200401C018BE
S315040058D82C00B0201E0300103A8805218400C01845
S315040058E83A888910160300202C00902026060010FA
S315040058F84400C0183A8805183A2800F83A9408204B
S315040059080404C00006EA3F000408C0003A880518E3
S315040059183A2800F81700C020CC018018260A00107F
S315040059284C0080183A000510262100108C008018B7
S315040059381E250010BAD004188400400115008020E2
S315040059483A8805283A2800F8CCFFBF18261500100F
S315040059583A880B00CC3F80181E0200103AD206186B
S3150400596804024029CC0380181E0200103AD10618F6
S3150400597804014029CC0080181E020010BAD006186B
S31504005988840040294C0080181E0300107AD006189B
S31504005998260A0018440040293A8805281500C0201C
S315040059A83A2800F83AD406180404400106E93F00E8
S315040059B83A880B003A8805283A2800F80408400172
S315040059C83A8805283A2800F87AD004184400400191
S315040059D81500802006DA3F00170480201704C02823
S315040059E83AC8CF101E0C00383A88C5183A8885106C
S315040059F80405C010040500213A88CB283A88852076
S31504005A0804FFBF1004FF7F29170080111700C02860
S31504005A181E03C03036FABF203A8805383A2800F8FB
S31504005A283603C0304400C0013A8805383A2800F8DD
S31504005A38C4FFFF0106F83F002CFC5F2934303F0100
S31504005A483A880B293AC845013AD507103A880D0011
S31504005A580E0440013A880F283A8807383A880530F0
S31504005A683A2800F8C404800004FB3F190E0CC01041
S31504005A78C40780003AC8071184078000440040011F
S31504005A8816020011440080003A98CA103A880F009A
S31504005A983A880D283A8807383A8805303A2800F8AB
S31504005AA8340280003AD8CF103A880D003A88053077
S31504005AB83A8807383A2800F81704802004F9FFDEE4
S31504005AC8150400DD3A888510040500253A888510F2
S31504005AD8150000DC3A88A1A0150540DD17FF7F856F
S31504005AE8150140DC1506C0DF3A8809A83A88232838
S31504005AF81503C0DC150280DCC08A05403A880B1001
S31504005B08040880003AC8451115008088840280007C
S31504005B1804FFFF8016144011C40280003AC84911D4
S31504005B283627C0A03A880D00440580283AD806A925
S31504005B383A9884A834FCCF1C3AB0A4113A88059044
S31504005B483A8807981706C0DF170540DD170400DDF5
S31504005B581703C0DC170280DC170140DC170000DCE1
S31504005B680407C0DE3A2800F8360EC0A044FD3F29D3
S31504005B783A880D00260F0020040880003AC80B1145
S31504005B883612C0A03A880F003A9804A93AD8463182
S31504005B983A98083134FC8F103AB0A6183AB024392A
S31504005BA806E63F0044FD3F2917FEBF8104FEFF8039
S31504005BB81EF13F2034FCCFAC3A88253006DF3F007F
S31504005BC817FFBF183AD80C1106D73F0017FFBF189E
S31504005BD83AD84E1106EC3F0004F9FFDE150240DC04
S31504005BE83A8823283A880BD81506C0DF150500DD40
S31504005BF81504C0DC150380DC3A88252000AC054072
S31504005C083A880988040140D93A8827103A88291815
S31504005C1800AC0540170400891704C091170180D900
S31504005C283A880B183AC80F393A880910170080D8E9
S31504005C387A910E383A8811203AC885113A88C511DE
S31504005C483A9506103A8813280E0D80003A88291DBD
S31504005C583A880BA03A880F483A8809983A880D403A
S31504005C6800F608401706C0DF170500DD1704C0DC78
S31504005C78170380DC170240DC0407C0DE3A2800F864
S31504005C883AC8D32806F23F0004FEFFDEC4058000A6
S31504005C98150000DC1501C0DF3A882120160C001116
S31504005CA8FA9004207400C1000440EE183A88C5101E
S31504005CB817014012170000123A8807483A88054027
S31504005CC81701C0DF170000DC0402C0DE3A2800F81A
S31504005CD83A88110034FC4F023A8805003409D0008A
S31504005CE83A880B483A8809403A880F183A880D10BA
S31504005CF8C0B90840C4FF3F843A8811103A8813187B
S31504005D081EF53F803A8805403A8807481701C0DFE0
S31504005D18170000DC0402C0DE3A2800F8C4FF7F2915
S31504005D28170480307AD10B28040580313A88851007
S31504005D383A884B293A884B293A8885103A880B2998
S31504005D483A888730040140292E05C0301700803070
S31504005D5804018031150080200401002136FBFF3040
S31504005D682E034021150000200401002136FD7F2161
S31504005D783A2800F8170480207AD107280405002158
S31504005D880E0DC0103A8885103A8885103A888D20F9
S31504005D982E18802117FFBF3004FFFF301E040010A1
S31504005DA82E14C02004FFFF181700801826FC3F1085
S31504005DB8440080003A2800F80E0A8018CC074029C7
S31504005DC8260800283A88C5183A8885103A888D2006
S31504005DD81700C0303AD844193A9844111EF4BF182B
S31504005DE806EB3F003A88C5183A8885103A888D200C
S31504005DF806E73F003A8805003A2800F81713C0203A
S31504005E0804FBFFDE1503C0DC150280DC1504C0DFC5
S31504005E183A882528150140DC150000DC3A88272035
S31504005E2804048001040140012617001844004001B7
S31504005E383A8885943A98A22C3A8885103A88C710E5
S31504005E481700001C3A884D8C3A888D313A8809988F
S31504005E5804058031261200801700808015008018FA
S31504005E6815040080150300803A8805801704C0DFEE
S31504005E781703C0DC170280DC170140DC170000DCBE
S31504005E880405C0DE3A2800F8C05907403A880710C6
S31504005E983A882100151380981EE43F1006F23F0045
S31504005EA8C059074026F03F103A882110150180147E
S31504005EB81502401406EA3F0004F5FFDE1505C0DCAA
S31504005EC84400C004150200DC3A8821283A880B9855
S31504005ED81509C0DD150880DD150740DD150600DD4A
S31504005EE8150480DC150340DC150AC0DF3A88233024
S31504005EF83A882D38170BC0DD40E005403A8825104E
S31504005F083400A000C4FFBF103A7088883AD52A2006
S31504005F1834048000C4FFBF103A7086883A0029A862
S31504005F283A880B801501C0D8040500941E0200A007
S31504005F383404C0181501C0D8262700283A8809D879
S31504005F48150040D9C09105403A880D102635001031
S31504005F581701C0D8040880003AC88511170000D96B
S31504005F683A9886183AB006191505C0901701C0D88C
S31504005F783AD886191501C0D83A000B18840080004F
S31504005F883AC84B111501C080150440911E1A00A089
S31504005F983A88453544F3BE10440DC000150080B058
S31504005FA83AC887191500C0B83A880590170AC0DF99
S31504005FB81709C0DD170880DD170740DD170600DD61
S31504005FC81705C0DC170480DC170340DC170200DC65
S31504005FD8040BC0DE3A2800F8040100D9C091054034
S31504005FE804088011170180D81504C0943A880B98C0
S31504005FF81505809026E63FA03A8845293A888510F3
S315040060083A88051417FF3F1184F3FE307A91202845
S315040060181500C0B0C08A05403AC8A180150000BC66
S3150400602806E13F00170080D8150580901701C0D8EF
S3150400603806D13F0004FBFFDE150000DC3A88212860
S31504006048150280DC3A880B303A8825203A8809807C
S31504006058150140DC1504C0DF1503C0DC3A8823307B
S31504006068009E054026420010165000103A88270064
S31504006078170140813A88099040E005403A8819108A
S315040060881704808217048088040580813A88875219
S315040060983A8885103A88C7183A8885100405008A0C
S315040060A81503C0643A88DB303A8897400405C06112
S315040060B83A881300170000311700404104010042D2
S315040060C8CCFFBF20CCFFFF283AC8C5103A88451232
S315040060D83AD408203AD40A283AD407100D0080384E
S315040060E83AC849213A88C9208D000039040180310B
S315040060F80401C0393AD4132036EEFF422E0C40333D
S315040061081700803004018031CCFFFF103A88471A03
S315040061183AD404103AD409180D00C0383A8805113F
S315040061288D0080383AD413100401C03936F47F330D
S3150400613817FFBF3804FFFF381E04001004FFFF18BA
S3150400614817008018C4FFBF5226FC3F103A88056022
S31504006158150480621704C0DF1703C0DC170280DC4D
S31504006168170140DC170000DC0405C0DE3A2800F8F5
S315040061783A8809903A880B0040E005403A88191095
S3150400618844008000150480603A880560150500609F
S315040061981704C0DF1703C0DC170280DC170140DCD4
S315040061A8170000DC0405C0DE3A2800F83A880D8892
S315040061B84400C0043A8823803A88213006AC3F005C
S315040061C804F9FFDE17048028150000DC7AD1213093
S315040061D81702C02844008010150140DC3A88A380C1
S315040061E8150540DD150400DD150280DC1506C0DF43
S315040061F83A8825281503C0DC3A8829303A882B20A2
S31504006208170140290E03401C3A88C7184400402940
S3150400621816FD7F1C3A8809A840E005403A882710ED
S31504006228040540110E0900043A8805283A8807002F
S315040062384400C01815000010040180101EFCFF80DD
S315040062483A8805843A8885103A888B2817048090FA
S3150400625804050091CC0780A13A8885103A888510F0
S315040062683A888F20261E0030040880003AC8911107
S315040062783A880700170080203A9884113AB084189F
S31504006288150080281700C0200401002104014029B4
S315040062983AD8061A36F7FF211500C0282601001831
S315040062A84400408CC4FFBF88150480983A8809A81E
S315040062B83A880B90408805403A8805981706C0DF47
S315040062C8170540DD170400DD1703C0DC170280DC60
S315040062D8170140DC170000DC0407C0DE3A2800F882
S315040062E81700802004010021150080280401402994
S315040062F82EECFF21170080200401002115008028B8
S315040063080401402936F6FF2106E63F0004F0FFDEC5
S31504006318150880DC150740DC1704802C1704403464
S315040063281509C0DC150600DC150FC0DF150E00DFE5
S31504006338150DC0DD150C80DD150B40DD150A00DDD5
S315040063483A8821283A8827300E0440943A882588C2
S315040063581704402C3A8827283A8821301702808067
S315040063683A8847941504C0D8170140810E01C01015
S315040063784400402940E00540150580D8170400D993
S315040063881705C0D83A8805213A88851004050019E6
S315040063983A888520150380D82E0580203A8805205A
S315040063A81703C0D8150000100401801036FCFF102E
S315040063B83A88458C3A8887940405C09D3A8885109E
S315040063C8040500843A88C7183A8885B8150000DC9D
S315040063D8150280D83A88F9802E4380B8150100D969
S315040063E8170000B9CCFF3F25261A00A01700C0DC09
S315040063F8170180DC3A882B001700409C170000948C
S315040064083A8809A0CCFF7F89009109403AD40A88C2
S31504006418CCFFFF803A88C7A83A8809A03A88E310CF
S315040064283AD42080009109403AD406883A8805145B
S315040064380401C09C3A8887188D00C0900D004094CA
S315040064483AD42A180401809436EB3F9F15004095E8
S31504006458170000B93AD42A20261C00A8170100D927
S31504006468170000DD3A882D001700C0243A88252035
S315040064783A882398170000A43A8809A8040100A5B5
S31504006488CCFF7F81009109403AD406883AD40A8021
S315040064980D00C0943A88C7B03A88E1108D0000947C
S315040064A83A8809A804018094009109401700409489
S315040064B83AD42080CCFFFF883A88C5103A88A7804A
S315040064C83AD42C9836EB3FA71500C094170280D807
S315040064D80401C0BD2E0480B81701C0D80401C01831
S315040064E81501C0D806BE3F00170400D90E0C0001DA
S315040064F81703C0D817FFBF1804FFFF182603001098
S3150400650806070000170080181E050010170400D996
S3150400651804FFFF18C4FF3F21150400D91EF93F20C4
S31504006528170480D81705C0D8150480183A880518A2
S31504006538170FC0DF170E00DF170DC0DD170C80DD3F
S31504006548170B40DD170A00DD1709C0DC170880DCC5
S31504006558170740DC170600DC0410C0DE3A2800F8EA
S3150400656804FDFFDE150000DC44000004150180DC90
S315040065783A8825283A880B801502C0DF40E0054092
S3150400658815040014150580141702C0DF170180DCF2
S31504006598170000DC0403C0DE3A2800F804F6FFDE20
S315040065A8150680DD1704802D150800DF1507C0DDE4
S315040065B8150540DD150400DD1503C0DC150280DC75
S315040065C81509C0DF150140DC150000DC3A882F28C0
S315040065D83A8839203A882B303A8829380405802C99
S315040065E83A882700170040943A880BA84400C09CB0
S315040065F8CCFF3F89009109403AD408883A88211586
S315040066083A880BA8009109403AD40880CCFF3F8405
S315040066183A8805113A9406103AD428103A88071C81
S315040066281500C0900401809416EEBF9D260800A0AC
S31504006638170280B80E1380B03A8885B53A88851053
S315040066483A88C5154400C0B0150500151504C0B828
S315040066583A8805B81709C0DF170800DF1707C0DD31
S31504006668170680DD170540DD170400DD1703C0DCB7
S31504006678170280DC170140DC170000DC040AC0DEC0
S315040066883A2800F8170140B93A8809E04400402935
S3150400669840E00540170480B9040340B90403001117
S315040066A83A888D313A888D31040280313A8823102C
S315040066B8C06605403A880BB83A8809E04088054020
S315040066C83A882F8806DC3F0004FAFFDECC008030C7
S315040066D8150400DD1503C0DC150000DC1505C0DF54
S315040066E8150280DC150140DC3A8821303A882720D7
S315040066F83A8829281E2B0010BAD02580261B00901C
S315040067081712009C1E080080063000003A880B8089
S315040067183A880D803A8809982614009017008080D4
S31504006728261B00103A8821104C0080903A00051068
S315040067387AD025903A880D803A8809983A880BA029
S315040067481EF23F10403106403A880BA03A88099851
S315040067583A882310408805403A8829883A880B8065
S315040067683A880D803A8809981EEC3F903A8805A025
S315040067781705C0DF170400DD1703C0DC170280DC29
S31504006788170140DC170000DC0406C0DE3A2800F8CE
S3150400679840310640150080803A8821101500001003
S315040067A806E13F003A8885107400C1000486EE1895
S315040067B83A8885103A88C51017FFBF113A880F0022
S315040067C8405A06403A88291006CB3F003A88099869
S315040067D8449C400180560640151280983A88211038
S315040067E81500001006D03F0004F9FFDE1503C0DCCF
S315040067F8150280DC3A8827283A8825204402400175
S3150400680804020039150400DD150140DC1506C0DF55
S31504006818150540DD150000DC3A8829383A88233006
S31504006828008409404400C0000E3580183A880B00DD
S315040068383A88C7184400402916FDBF183A880990B3
S3150400684840E005403A881110170780D84400C00074
S3150400685844028001150580401504C0400E264034C4
S315040068683A8821303A88AB993A88059C0700C011C2
S315040068783A880B403A88099004F4FF398402800167
S31504006888405A0640440000843A8811101EF63F8C8C
S315040068983A8845AC04FE7F113A880D880E0C0035FB
S315040068A83AC885A13A8821283A88A3280700C081CE
S315040068B83A880B403A88099004F4FF398402800127
S315040068C8405A0640440000843A8811101EF77F8413
S315040068D83A8805401706C0DF170540DD170400DDB2
S315040068E81703C0DC170280DC170140DC170000DC44
S315040068F80407C0DE3A2800F88402409906E73F00F8
S315040069083A880B0006CD3F0004FCFFDE150280DC46
S3150400691874008104045CB5941700C090150140DC2A
S31504006928150000DC1503C0DF3A8823203A8821289D
S3150400693826020018170E80182611001017028080E8
S31504006948C4FFFF101502C0801613001817008080B4
S31504006958050040141700C080440080180300C018BE
S31504006968150080803A8805181703C0DF170280DCF3
S31504006978170140DC170000DC0404C0DE3A2800F8DE
S315040069883A88091880F0034017028080C4FFFF1074
S315040069981502C0800EED3F1817068080160F801862
S315040069A817008080050040141700008184028000C7
S315040069B80300C02026128018440080201500808019
S315040069C83A8805181703C0DF170280DC170140DC74
S315040069D8170000DC0404C0DE3A2800F8170000910A
S315040069E83A880B883A880D801703C0DF170280DCC3
S315040069F8170140DC170000DC0404C0DE813D0740B3
S31504006A08170000913A880B1806F63F0004FCFFDECF
S31504006A18150240DC150100DC1503C0DF3A88212085
S31504006A283A88232826020020170E802026100010F4
S31504006A3817028030C4FFFF101502C0301613001861
S31504006A4817008030050040141700C0304400801831
S31504006A580300C018150080303A8805181703C0DFEC
S31504006A68170240DC170100DC0404C0DE3A2800F8EB
S31504006A78150080D980F00340170080D917028030AA
S31504006A88C4FFFF101502C0300EED3F1817068030FC
S31504006A98160E8018170080300500401417000031C0
S31504006AA8840280000300C020260F8018440080203A
S31504006AB8150080303A8805181703C0DF170240DC32
S31504006AC8170100DC0404C0DE3A2800F83A88098075
S31504006AD83A880B881703C0DF170240DC170100DC6D
S31504006AE80404C0DE813D07403A8809803A880B18B9
S31504006AF806F83F0004F4FFDE150880DD150480DC83
S31504006B08150340DC150BC0DF150A00DF1509C0DDC7
S31504006B18150740DD150600DD1505C0DC150200DC89
S31504006B283A8825283A8823303A882D2026C9002809
S31504006B38C03D0A4004FE3F94C402C0888405800010
S31504006B48170100822E1BC01004FEBF003A708E186F
S31504006B583A883938161A0038361940E404FF3F01D2
S31504006B683A7026411626C0993A882B803A8829987D
S31504006B78040200843A880FA83AC80DA7C403800003
S31504006B8836C18011170180383A8849A54C0080100F
S31504006B983AB084A0150180381701C0205400C018E3
S31504006BA81501C0203A8809B0003E0A403A88238075
S31504006BB8060600000404C0013A8839382EE77FE443
S31504006BC8040380003A882300150080B03A880588B3
S31504006BD8170BC0DF170A00DF1709C0DD170880DDA9
S31504006BE8170740DD170600DD1705C0DC170480DC2F
S31504006BF8170340DC170200DC040CC0DE3A2800F850
S31504006C087400810004D8AF10170240123A88CD8464
S31504006C183A882B8026B940321701403184FFBF00D9
S31504006C283A7084283A8885111701C0104C00C01898
S31504006C383A00071826A300183A7008293A882999A9
S31504006C480EA3C0A14C0080401E550010170080807A
S31504006C583AC8AF801701C0B804FFBF003A70841859
S31504006C68262E003026B940323A88A9983A8809254A
S31504006C78150000D9162AC021170380301702C03020
S31504006C880409400104FFBF99150380181502C010B2
S31504006C98170300B9170280B83A882BB8040200BC57
S31504006CA8150280201503001136E48029C4048000E7
S31504006CB83A8809903A8811802E0F8011170080901F
S31504006CC8040400BA04020091150280B81701C090A2
S31504006CD8C40680001503C0B82E0780111702C09099
S31504006CE8040600BA040400911504C0B8170380907A
S31504006CF8150580B826E7403117008020170000DD07
S31504006D083A880FB8150080401701C0201501C04005
S31504006D18170280201502804006973F003A88A998F2
S31504006D28161FC0A11703C0B8170280B804FFBF997D
S31504006D38040940013A882BB8150280181503C010B7
S31504006D48040200BC36C38029C40480003A8809902A
S31504006D583A8811802E0F801117008090040400BA17
S31504006D6804020091150280B81701C090C406800079
S31504006D781503C0B82E0780111702C090040600BA7E
S31504006D88040400911504C0B817038090150580B84B
S31504006D9826C74031170080203A880FB806D93F0025
S31504006DA83A880B883A8809B080E404403A88231064
S31504006DB8262500101701808084FFFF0004FE3F8902
S31504006DC83A70C4103A8885802695802004FFBF99B6
S31504006DD80409C00136458039C40480003A880990FC
S31504006DE83A880B882E0F8011170080900402408978
S31504006DF804020091150080881701C090C40680001B
S31504006E081501C0882E0780111702C0900404408912
S31504006E18040400911502C08817038090150380881E
S31504006E282691C03117008020150080281701C0203C
S31504006E381501C02817028020150280283A880B906D
S31504006E483A8809B0002C04403A8809B0003E0A4042
S31504006E58065E3F003A880B30170BC0DF170A00DFBF
S31504006E681709C0DD170880DD170740DD170600DDA2
S31504006E781705C0DC170480DC170340DC170200DCA6
S31504006E88040CC0DE81E40440170180383A884BE5D7
S31504006E98540000314C0080103AB0041715018038AC
S31504006EA8150100293A888729170180180402402900
S31504006EB83A8809B05400801015018018002C044043
S31504006EC806383F003A880D003A880900065D3F00F7
S31504006ED81702C030170380303A880F8004020084F2
S31504006EE81502C0101503801806233F003A8809883E
S31504006EF83A880B90C070054006D03F0017018030D1
S31504006F080404C0E03A7008113A880599164DFF1032
S31504006F183AC805173A880B8754008010150180284B
S31504006F281701C0807400810004D8AF103A8809B0EC
S31504006F384C00C0183AB0C6E0150240111501C080CD
S31504006F48003E0A400402408406203F003A88A99875
S31504006F583A880925040480E0150100D91670BF2073
S31504006F681703C0B8170280B804FFBF990409400183
S31504006F78150280181503C010040240BC3641802946
S31504006F88C40480003A8809903A880F882E0F801125
S31504006F98170080900404C0B904020091150280B851
S31504006FA81701C090C40680001503C0B82E078011C7
S31504006FB81702C0900406C0B9040400911504C0B8A9
S31504006FC817038090150580B82640403117008020A5
S31504006FD8150080381701C0201501C0381702802013
S31504006FE8150280381701C0D83A880BBF3A8809B009
S31504006FF83AC8051F54008010150180281701C0B827
S315040070087400810004D8AF10150240114C00C01852
S315040070183AB0C6E01501C0B8003E0A4006EB3E0089
S315040070281701802004FFFF003A880F803A70C410C5
S315040070383A88A9980402008406CF3E003A880B9041
S315040070483A880980C0700540170000DD3A880FB8F1
S3150400705806C93E003A880B903A880980C0700540F4
S315040070683A880FB806C43E001704C090040640893F
S31504007078040600911504C0881705809015058088B4
S3150400708806683F003A880B903A880988C07005401C
S3150400709806D43F001704C09004060091040800BAF9
S315040070A81506C0B817058090150780B806123F0064
S315040070B81704C09004060091040800BA1506C0B85F
S315040070C817058090150780B806323F001704C0904C
S315040070D8040600910408C0B91506C0B817058090BF
S315040070E8150780B806B93F003A880D203AC8090141
S315040070F83AB08821FAD708203400A000C4FFBF108C
S315040071083A7044113AB0882034FC9F003AC80511F5
S315040071183AC887003AB0C410FAD704104400C0002D
S315040071283AC885183A2800F83A880D203AC8090159
S315040071383AB08821FAD708203400A000C4FFBF104B
S315040071483A7044113AB0882034FC9F003AC80511B5
S31504007158FAD704103A2800F804FDFFDE150000DC0F
S315040071687400010404093C84150140DC1500008000
S315040071783A8823203A8809281502C0DF00560A40AF
S315040071883A880710C4FFBF00260680183A880518EF
S315040071981702C0DF170140DC170000DC0403C0DE59
S315040071A83A2800F81700808026F83F1015008088D2
S315040071B83A8805181702C0DF170140DC170000DCFF
S315040071C80403C0DE3A2800F88F03402941660740C5
S315040071D804FEFFDE150000DC3A8821288F034029C7
S315040071E81501C0DFC08D07403A880710C4FFBF00E9
S315040071F8260980180B0380801514C0801400841097
S315040072080D0380803A8805181701C0DF170000DCD3
S315040072180402C0DE3A2800F80B038080CCFFBB10BA
S315040072280D0380803A8805181701C0DF170000DCB3
S315040072380402C0DE3A2800F80B03802804FBFFDEAC
S315040072481503C0DC0C408010150280DC150140DCF7
S31504007258150000DC3A8827303A8825381504C0DF3B
S315040072683A8821283A880D008400C0013A882320E8
S31504007278260200108F034029C08D07400B03808027
S315040072888F0340813A880988CCFFBB103A880D9849
S315040072983A880F900D0380801704C0DF1703C0DCFB
S315040072A8170280DC170140DC170000DC0405C0DE89
S315040072B84152074004FEFFDE150000DC3A88212807
S315040072C88F0340291501C0DF409507403A88071007
S315040072D816080010171480803A88C5101514808083
S315040072E83A8805181701C0DF170000DC0402C0DE5F
S315040072F83A2800F80B038080CCFFBB100D0380806E
S315040073083A8805181701C0DF170000DC0402C0DE3E
S315040073183A2800F83AB04421CC0080101E1D00100B
S315040073283A880F2017008028170000213A880D286C
S315040073381E168020F4BF3F02C4BF3F423A88072284
S3150400734874206001042060293A7046193A30040111
S315040073583A70C4101E1C00103A8813403A88112843
S31504007368060100001E1800180401C0391700003968
S3150400737804018031170040313A8845223A700412D4
S315040073883A3006013A70861826F67F213A88093873
S315040073983A880B300700C0201E05001806060000B0
S315040073A8440000210700C020440040292602001892
S315040073B80700802826FABF180300C0200300802887
S315040073C83AC885183A2800F83A8805003A2800F891
S315040073D804FCFFDE150240DC150100DC1503C0DFE2
S315040073E83A8823203A88212826020020170E80206E
S315040073F8262F00100B0380301706C0300C028010AD
S315040074081502C030262200101704C03026200018A2
S3150400741817000031170580303AC8C7200E2F801888
S315040074284400401917028030CC3F00844400C02031
S31504007438C4FFBF10150280300500002417058030EC
S315040074481500C030260C40110B0380304C00801008
S315040074583A000510260600103A8805801703C0DF8F
S31504007468170240DC170100DC0404C0DE3A2800F8E1
S31504007478840280001EF8BF803A8809883A880B304F
S3150400748800C7034026F43F10C4FF3F0406F23F003A
S315040074983A880B303A880988150080D9C0330240E7
S315040074A8170080D91E0600101704C03006D83F00FE
S315040074B8150080D980F00340170080D906CD3F0017
S315040074C80B0380304402C000C4FF3F04141080102C
S315040074D80D0380301500C08806DF3F003A880B305C
S315040074E83A880988150080D900C70340170080D94F
S315040074F81EE53F10170000314400400106C93F004D
S3150400750874008101045CB5313A88072017000031FC
S315040075183A880D283A880B18813D074004FDFFDE9A
S31504007528150000DC7400010404093C84150140DCE0
S31504007538150000803A8823203A8809283A880B30AF
S315040075483A880D381502C0DF805C0A403A8807106D
S31504007558C4FFBF00260680183A8805181702C0DF3C
S31504007568170140DC170000DC0403C0DE3A2800F8E3
S315040075781700808026F83F10150080883A88051879
S315040075881702C0DF170140DC170000DC0403C0DE65
S315040075983A2800F804FEFFDE150040DC3A8823206A
S315040075A83A8809283A880B301501C0DF009109404A
S315040075B83A880B103A88098880E404403A882310EC
S315040075C80409C001260D001017FFFF103A88091098
S315040075D804FFBF003A7086183A8887183A880D1847
S315040075E83A880B003617C038C40480003608C01021
S315040075F81502002015000020150100203A88058888
S315040076081701C0DF170040DC0402C0DE3A2800F880
S31504007618C406800015000088150100880402008944
S315040076282EF3FF1015020088150300880404008948
S315040076381EEFFF190406008915040088150500883D
S3150400764806EB3F00C07E05403A8805881701C0DF6F
S31504007658170040DC0402C0DE3A2800F804FDFFDE09
S31504007668150000DC7400010404093C84150140DC9F
S31504007678150000803A8823203A8809281502C0DFB5
S3150400768800000A403A880710C4FFBF00260680187F
S315040076983A8805181702C0DF170140DC170000DC1A
S315040076A80403C0DE3A2800F81700808026F83F1045
S315040076B8150080883A8805181702C0DF170140DCD0
S315040076C8170000DC0403C0DE3A2800F804FCFFDED9
S315040076D8150140DC150000DC1503C0DF150280DC4B
S315040076E83A8821283A8823202629002880EF03404F
S315040076F826020088170E8088262D00100F03808026
S31504007708262200103A8809883A880B8000C7034065
S315040077183A882510170B8080260400101707408125
S315040077283A8809883AE83E10162A00100B03808026
S315040077380C2080101E230010170C408126050028F3
S3150400774804108080260280283A880988002C044080
S31504007758150C008017114081260300283A880988E9
S31504007768002C0440151100800D030080C0EF03406F
S315040077783A8805901703C0DF170280DC170140DC3E
S31504007788170000DC0404C0DE3A2800F8C0EF034002
S315040077983A8825003A8805901703C0DF170280DC6B
S315040077A8170140DC170000DC0404C0DE3A2800F8A0
S315040077B83A88098880F003400F0380801ED13F1061
S315040077C806F23F00170440813A880988002C0440D1
S315040077D806D93F00C4FFBF0406D43F0074008100E5
S315040077E8045CB5103A880B2017000011416D074058
S315040077F804FDFFDE150000DC7400010404093C8462
S31504007808150140DC150000803A8823203A880928A7
S315040078183A880B301502C0DF800E0A403A880710F2
S31504007828C4FFBF00260680183A8805181702C0DF69
S31504007838170140DC170000DC0403C0DE3A2800F810
S315040078481700808026F83F10150080883A880518A6
S315040078581702C0DF170140DC170000DC0403C0DE92
S315040078683A2800F804FDFFDE150000DC7400010464
S3150400787804093C84150140DC150000803A8823205D
S315040078883A8809281502C0DFC0170A403A88071043
S31504007898C4FFBF00260680183A8805181702C0DFF9
S315040078A8170140DC170000DC0403C0DE3A2800F8A0
S315040078B81700808026F83F10150080883A88051836
S315040078C81702C0DF170140DC170000DC0403C0DE22
S315040078D83A2800F804FDFFDE150000DC74000104F4
S315040078E804093C84150140DC150000803A882320ED
S315040078F83A8809283A880B303A880D381502C0DFC9
S31504007908802D0A403A880710C4FFBF00260680184F
S315040079183A8805181702C0DF170140DC170000DC97
S315040079280403C0DE3A2800F81700808026F83F10C2
S31504007938150080883A8805181702C0DF170140DC4D
S31504007948170000DC0403C0DE3A2800F804FDFFDE55
S31504007958150000DC7400010404093C84150140DCAC
S31504007968150000803A8823203A8809283A880B307B
S315040079783A880D381502C0DF403E0A403A88071097
S31504007988C4FFBF00260680183A8805181702C0DF08
S31504007998170140DC170000DC0403C0DE3A2800F8AF
S315040079A81700808026F83F10150080883A88051845
S315040079B81702C0DF170140DC170000DC0403C0DE31
S315040079C83A2800F804F1FFDE3A8815003A880520BB
S315040079D83A881130150D00DF150A40DD1508C0DC9C
S315040079E8150EC0DF150CC0DD150B80DD150900DD8D
S315040079F8150780DC150640DC150500DC150380DA5E
S31504007A083A8827403A8839103A882B28150480DAA8
S31504007A181E4000383665002A26B50040D4FFBF004C
S31504007A2836ADC014C43F8000365EC1143A880B00D4
S31504007A383A8805003AD8849874000101048E2E21E8
S31504007A48040880013A8805110300C0103A88C7283B
S31504007A583AC8E9301E0A01A03AD42E983AC8EBACC3
S31504007A68CCFFBF9D440000053A8809A83A880BB89C
S31504007A78009009403A880B103A8809B03A882110D0
S31504007A88009109403A8809A83A880BB83A8823101D
S31504007A98809009403A9404103AD406E03AB0C410E7
S31504007AA82E0440143A88C514C4FF3F843601C01412
S31504007AB8365C41143AC863143A8809883A880BB87C
S31504007AC8009009403A880B103A8809B03A882B1076
S31504007AD8009109403A8809883A880BB83A882510EB
S31504007AE8809009403A940410CCFFFFE03AB0C410E1
S31504007AF82E0480143A888598C4FF7FAD3601C014D5
S31504007B08363C81143A9404803A8809A03AB084A889
S31504007B18061500003A880D38366CC029D4FFBF0014
S31504007B283664C011C43F80003618C1113A880B0068
S31504007B383A8805003AD8843074000101048E2E214F
S31504007B480408C0013A8805110300C0103A88C728FA
S31504007B583AC8ED381E7300B036014035365BC0E4CA
S31504007B68440080003A880900150380D8170340D9D1
S31504007B783A880720150400D93A880528170EC0DF65
S31504007B88170D00DF170CC0DD170B80DD170A40DD63
S31504007B98170900DD1708C0DC170780DC170640DC68
S31504007BA8170500DC040FC0DE3A2800F8D4FFBF002E
S31504007BB836560012C43F8000360001123A880B007C
S31504007BC83A8805003AD8849874000101048E2E2157
S31504007BD8040880013A8805110300C0103A88C728AA
S31504007BE83AC8CB30260600283AC845313AD884E044
S31504007BF83A9846A93A9878E13A9866993AB0AA180A
S31504007C083AD42E983A8809A8CCFFBF9C3A880BB870
S31504007C18009009403A880B103A8809903A8821104E
S31504007C28009109403A8809A83A880BB83A8823107B
S31504007C38809009403A9404103AD406E03AB0C41045
S31504007C482E0440143A88C514C4FF3F843601C01470
S31504007C5836EA40143AC863143A8809883A880BB84D
S31504007C68009009403A880B103A8809903A882B10F4
S31504007C78009109403A8809883A880BB83A88251049
S31504007C88809009403A940410CCFFFFE03AB0C4103F
S31504007C982E0480143A888598C4FF7FAD3601C01433
S31504007CA836D980143A9404803A8809003AB084A8EC
S31504007CB806AD3F0034408000C4FFBF1036B6C0117D
S31504007CC8040440013A880528069A3F003A880500C4
S31504007CD83A88090006A43F0034408000C4FFBF1058
S31504007CE836B3C014040440013A88052806513F00F7
S31504007CF8440000013A880B00009009403A8827108E
S31504007D08D4FFBF0036F4FF1406463F003440800013
S31504007D18C4FFBF1036AC0012040440013A88052893
S31504007D2806A83F003AC8853D3A9888353AD88698D1
S31504007D383AD8A2A83AD884E03AB0EE203AD424B87D
S31504007D483A9886AD3A8809883A880B903AB08618E4
S31504007D581501C0D8CCFF3FBC009009403A880B10E7
S31504007D683A8809803A882910009109403A880B9084
S31504007D783A8809883A882B1080900940170140D917
S31504007D883A9404103A98A69D3AD406283AB0C410F0
S31504007D982E0340153A88C515C4FF3FA52E91C01574
S31504007DA83AC863153A8809883A880B9000900940BE
S31504007DB83A880B103A8809803A882B1000910940B2
S31504007DC83A8809883A880B903A88211080900940A5
S31504007DD8170180DA3A940410CCFFFF503AB0C61063
S31504007DE82E03001C3A88C71DC4FF7FAD2E79C01D1B
S31504007DF83A9404A03AD42E98CCFFFF9C3AB0A4A88F
S31504007E08CCFF7F943AD42A903A8809883A880B9802
S31504007E183AC8211C009109403A8809883A880BB85F
S31504007E283A882910009109403A880B983A8809A893
S31504007E383A882310009109403A8809A83A880BB869
S31504007E483A882710009109403A8809103AD404A0C0
S31504007E583A88E38C3A8847142E02C01C74008000C2
S31504007E683A8889203AD404183A888520364480808A
S31504007E78263E80803A8805903A880900063A3F00EB
S31504007E883A98269D3AC805353AD8A2A83AD42E98DF
S31504007E983AD884E03A9806AD3A8809883A880BB8FD
S31504007EA83AB086181500C0D8CCFFBF9D009009408B
S31504007EB83A880B103A8809B0150280D8009109400F
S31504007EC83A8809883A880BB83A882B108090094072
S31504007ED8170000D93A9404103AD406203AB0C410CC
S31504007EE82E054015170240D93A88C514C4FF7F29C0
S31504007EF8150240D92E46C0143AC863153A8809882B
S31504007F083A880BB8009009403A880B103A8809B0A9
S31504007F183A882510009109403A8809883A880BB8A6
S31504007F283A88211080900940170080DA3A940410A0
S31504007F38CCFFFF503AB0C6102E06001C3A88C71C60
S31504007F48C4FFBF943603C01C2E02001CC4FFBF9492
S31504007F583A88C71C170200D93A9838E53AC82B1C40
S31504007F683A9404203AB0A89006BF3E003A940418FE
S31504007F783A9888E5CCFFFFA03A88C5102EBDBF20E5
S31504007F88C4FFBF903A88090006F73E000402400180
S31504007F983A88052806E73E00040640013A8805287B
S31504007FA806E43E00040240013A88052806A13E007C
S31504007FB8040640013A880528069E3E00040240014C
S31504007FC83A88052806FF3E00040640013A88052833
S31504007FD806FC3E002E863F1C3A88C71DC4FF7FADAB
S31504007FE806833F002E6E7F15C4FF3FA53A88C51544
S31504007FF8066B3F00C4FF7FAD06C23E00C4FF3F8444
S315040080083A88C51406133F00C4FF7FAD06253F0012
S315040080182EB97F15C4FF7F293A88C514150240D99D
S3150400802806B53F00C4FF3F843A88C51406A13E003E
S3150400803804F0FFDE3A8811303A880D00150B40DD4E
S315040080481509C0DC150600DC150FC0DF150E00DFA8
S31504008058150DC0DD150C80DD150A00DD150880DC5C
S31504008068150740DC3A881728150480D93A8827402A
S31504008078150580D93A8821203A882B281E2C0038E1
S315040080883656002A269A0040D4FFBF003692C014FA
S31504008098C43F8000365CC1143A880B003A88050050
S315040080A83AD8849874000101048E2E2104088001AC
S315040080B83A8805110300C0103A88C7283AC8E5303B
S315040080C81EA400903AD42E983AC8EBACCCFF3F9D38
S315040080D83A882D003A8809A83A880BB800900940CE
S315040080E83A880B103A8809A0009109403A8809A8E9
S315040080F83A880BB83A882310809009403A940410B9
S315040081083AD406803AB0C4102E0340143A88C514EB
S315040081183601C014365841143AC863143A88098893
S315040081283A880BB8009009403A8809A0065300001B
S315040081383A880D382E13C029150400D9150540D9D7
S31504008148170440D93A8813583A8811283A880540BA
S315040081583A880748170FC0DF170E00DF170DC0DD72
S31504008168170C80DD170B40DD170A00DD1709C0DC84
S31504008178170880DC170740DC170600DC0410C0DE8D
S315040081883A2800F8D4FFBF003666C011C43F800001
S315040081983620C1113A880B003A8805003AD884304B
S315040081A874000101048E2E210408C0013A880511C1
S315040081B80300C0103A88C7283AC8E5381E940090C8
S315040081C8365E40352E5DC0843A8811803A8813A8F5
S315040081D8150400DC150540DD06DC3F00D4FFBF00AE
S315040081E8364A0012C43F8000360D01123A880B0045
S315040081F83A8805003AD8849874000101048E2E2121
S31504008208040880013A8805110300C0103A88C72873
S315040082183AC8C7301EDC00183A882D003AD42E987E
S315040082283A8809A8CCFFBF9C3A880BB80090094045
S315040082383A880B103A880990009109403A8809A8A7
S315040082483A880BB83A882310809009403A94041067
S315040082583AD406803AB0C4102E0340143A88C5149A
S315040082683601C014360241143AC863143A88098898
S315040082783A880BB8009009403A8809903A880B1056
S31504008288009109403A8809883A880BB83A882B102D
S31504008298809009403A940410CCFFFF803AB0C41089
S315040082A82E0440153A88C5143602C0142E0140150A
S315040082B83A88C5143AC845153AD884153A88130035
S315040082C8150480D81704C0D83A880500150580D83F
S315040082D83A881118069D3F0034408000C4FFBF1039
S315040082E836C6C014040440013A880528066C3F00C3
S315040082F8440000013A880B00009009403A88271088
S31504008308D4FFBF0036F4FF1406613F0034408000F2
S31504008318C4FFBF1036C50012040440013A88052874
S3150400832806B43F0034408000C4FFBF1036C2C011F3
S31504008338040440013A88052806983F003AC8C984C7
S315040083483A8005813AC887A93AC8AB183A882120E1
S31504008358069D3F003A98A69C3AC885343AD8A2A8FE
S315040083683AD42E983A9886AC3AD884803A880988BA
S315040083783A880BB83AB0B818CCFF3F9D009009402C
S315040083883A880B103A8809A0009109403A88098866
S315040083983A880BB83A882B10809009403A9404100E
S315040083A83AD406E03A882D903AB0C4102E02401505
S315040083B83A88C5142EABC0143AC863153A88098896
S315040083C83A880BB8009009403A880B103A8809A0F5
S315040083D8009109403A8809883A880BB83A882B10DC
S315040083E8809009403A940410CCFFFFE03AB0C410D8
S315040083F82E0440153A88C5143602C0142E014015B9
S315040084083A88C5143A98A0843AC86B1506313F00D1
S315040084183AC88F3C3A9886343AD8C4993AD8E2A9E5
S315040084283A988CAC3AB0AC183AD42EB03AD8C4813F
S315040084383A8809883A880BB83AB08C301503C0D9FB
S31504008448150280D9CCFF3FB5009009403A880B1035
S315040084583A8809A03A883910009109403A88098867
S315040084683A880BB83A882B1080900940170200D92D
S315040084783A9404103A98A69C3AD406203A98A084CA
S315040084881500C0DC3AB0C410150100DC2E034015F3
S315040084983A888515C4FF3FE72E6E80153AC86315DA
S315040084A83A8809883A880BB8009009403A880B102C
S315040084B83A8809A03A882110009109403A880BB8ED
S315040084C83A8809883A88291080900940170240D9C1
S315040084D83A940410CCFFFF283AB0C4102E030015B2
S315040084E83A888515C4FF3F842E568015170080D90F
S315040084F83A9422E03AD42E303AB06284CCFFFF3460
S315040085083AD42A88CCFF7F8C3A8809883A880B980B
S315040085183AC82115009109403A8809883A880BB85F
S315040085283A882910009109403A880B983A8809A88C
S315040085383A882310009109403A8809A83A880BB862
S315040085483A882710009109403A880B103AD404A0B7
S315040085583A88E38C3A8849142E02C02474008000B1
S315040085683A888B283AD404203A940820CCFFFFA0F2
S315040085783A888D283A88C920360B8081264080811E
S315040085883AC88D81060F00003AC8C5303A882D18B6
S315040085983AD884803A98C6A83A98A69D3A98A08567
S315040085A83AB0AA18061D3F001700C0D83AC8C52015
S315040085B83A8089203AC887353AC807193AC8CD8017
S315040085C83A880910170140D93AC805293A808728F4
S315040085D83AC8C730170380D93AD884143A98881900
S315040085E83AD8861C3AB088203A8811203A88131853
S315040085F8150400D91505C0D806D43E000406400162
S315040086083A88052806A63E00040240013A88052849
S3150400861806A33E00040240013A88052806DF3E0008
S31504008628040240013A88052806F23E000406400181
S315040086383A88052806EF3E00040640013A880528CC
S3150400864806D63E002EA93F15C4FF3F843A888515F1
S3150400865806A63F002E917F15C4FF3FE73A88851585
S31504008668068E3F002E547F153A88C51406523F00DD
S315040086783A88C51406FC3E003A88C51406A63E0088
S31504008688170180D836C83F113A880D0006CD3F0039
S3150400869804F8FFDE1503C0DC3A88272017000021FA
S315040086A84400C000150540DD150400DD1507C0DDCE
S315040086B8150680DD150280DC150140DC150000DC9A
S315040086C83A882B283A8829302E63001917008028FF
S315040086D82E8180180401C00026DCC020267EC01026
S315040086E88400C0002667C010267BC0201702C09DE0
S315040086F81702C0281703409C1703C02B3AC8CDB8E5
S315040087081704809C1704002C3A8809301697003001
S31504008718C40F8000166B80110EA4000104F8BF353F
S3150400872816BC00B03AD896853A8819003A881300D8
S31504008738440000013A88150016BE00B03A98902500
S315040087483A880F00C4FFBF003A8889383A888B40B4
S315040087583A80CD213A884B313A7004793A70468189
S315040087683AB0C41026020010440040023A881500A4
S315040087783AB05E5A3AB0A06217014099170180A828
S31504008788266E8028266600283AC8457C3A80897869
S315040087983AC887843AC809193A880D103A880F20C6
S315040087A8167700381502C0A51504C0A1150100A046
S315040087B8150380A1170300A2170440A2C4FFBF0033
S315040087C83A888B403A80092A3A888D483400C4018D
S315040087D8C4FFFF393A888D21361780392665C0319A
S315040087E8170200A33A880942C4FFBF003A800F2241
S315040087F83A884B4A3A884F393A8895203A889738BE
S315040088083A800D513A8899603A88D7323400840000
S31504008818C4FFBF103A8811203A881338150300A1FB
S315040088281504C0A1150200A33603C0121EEDBF58D5
S3150400883884FFBF002EEBBF12170480A2C400800079
S315040088483400C800C4FFFF18170340A2150080A00F
S315040088583623801A3A8827A03A8805981707C0DD70
S31504008868170680DD170540DD170400DD1703C0DC95
S31504008878170280DC170140DC170000DC0408C0DEA0
S315040088883A2800F81EF4FF201500003117018098D5
S31504008898150180301702C0981502C0301703809856
S315040088A8150380301704C0981504C0301701809842
S315040088B81701C0283A8827303A70C4101501803049
S315040088C806E53F001626C01D3A8823003A882F1865
S315040088D83A88250006A83F003A8827A806DE3F00FE
S315040088E844008001FA9704507AD008483AD88A5145
S315040088F8170200A23AB008113A8807003A70844968
S315040089083AB08C203AB0CE28440000423A8827A0D0
S315040089181504C0A1150200A2150380A106CE3F00C6
S315040089283AC8C58B3A8089883AC807943AC8091957
S315040089383A880D103A880F2006993F003A88457CF4
S315040089483A80C9133A8887843A88C920150140A110
S315040089581502C0A5150380A0150400A106B63F009C
S315040089683A881F003A88210006833F003AC88D01D9
S3150400897806673F0084FFBF0036AF7F1106983F00A5
S315040089883A8805003AC889113A8005113AC8CB01D4
S315040089983AC8852844008001150180A11502C0A59E
S315040089A8150300A1150480A006823F0026723F2005
S315040089B804F8BF353A88AFB9163100B03AD89A9553
S315040089C83A881D003A880F00440000013A881100CD
S315040089D8162500B03A9894253A881300C4FFBF00B8
S315040089E83A8889483A888B503A804D223A884B31DE
S315040089F83A7004893A7046913AB0C41026020010B7
S31504008A084400C0013A8811003AB0E2693AB02472C7
S31504008A1806593F003A880784C40780003AC8851176
S31504008A283A9886183AD896793AD898813AB0D61A9E
S31504008A38063E3F007AD00620C40780003AC885114E
S31504008A483AD890183A988E21063E3F001E823F1166
S31504008A581701C02817018098267FFF107400C104E7
S31504008A680489EE9C067C3F007AD00620C407800061
S31504008A783AC885113AD894183A98922106D73F00ED
S31504008A883A888794C40780003AC885113A988618A4
S31504008A983AD89A893AD89C913AB05A1B06C93F00E3
S31504008AA804EAFFDE1514C0DC0404C0DC3A8811208D
S31504008AB83A881328151340DC3A8809D83A880B985B
S31504008AC8040940DC1515C0DF150140DA1503C0D9C1
S31504008AD8150000DA150280D900E00940040200D91D
S31504008AE83A880B8800E00940170A80D83A880B8828
S31504008AF83A880998040E80D95C008010150A80D833
S31504008B08806908403A880910C0AE09401715C0DFC5
S31504008B181714C0DC171340DC0416C0DE3A2800F824
S31504008B2804EAFFDE1514C0DC0404C0DC3A8811200C
S31504008B383A881328151340DC3A8809D83A880B98DA
S31504008B48040940DC1515C0DF150140DA1503C0D940
S31504008B58150000DA150280D900E00940040200D99C
S31504008B683A880B8800E00940040E80D93A880998A7
S31504008B783A880B88806908403A880910C0AE0940CB
S31504008B881715C0DF1714C0DC171340DC0416C0DE43
S31504008B983A2800F804E0FFDE151840DC040440DC3B
S31504008BA83A8811203A881328151700DC3A8809D818
S31504008BB83A880B88040900DC151FC0DF150140DA62
S31504008BC81503C0D9150000DA150280D9151EC0DDB3
S31504008BD8151D80DD151C40DD151B00DD151AC0DCCE
S31504008BE8151980DC00E00940040200D93A880B8094
S31504008BF800E00940170400D9440080002E10001133
S31504008C081709C0D82E06C01004018000260A802041
S31504008C1826CC801884008000260980201E19801816
S31504008C28170AC0D8170580D83A8809803AC0C410EC
S31504008C38150A80D8060700008400800026C3801819
S31504008C48170580D8170AC0D83A8809883AC0C410C4
S31504008C58150580D8C0AE0940171FC0DF171EC0DD32
S31504008C68171D80DD171C40DD171B00DD171AC0DC35
S31504008C78171980DC171840DC171700DC0420C0DE3F
S31504008C883A2800F8170780DD170C80DC3A882B0091
S31504008C983A8823003A880BA83A880DB03A880F8890
S31504008CA81708C0DD170DC0DC3A880990809409407E
S31504008CB83A881B003A880F683A8809B03A880B0044
S31504008CC83A880D983A882DB83A882F00151640DB4D
S31504008CD8151380D81514C0D81515C0DC809409401E
S31504008CE83A880DB03A880B003A8809903A880FB842
S31504008CF83A8821103A882318809409403A8885804E
S31504008D083A800D143A88C7883A88CD303A882910AB
S31504008D183A882B30171380DA1714C0DA171500DBD4
S31504008D28171640DB2E6140343A8809003A88055103
S31504008D383A808D123A88075D3A88CD303A88210000
S31504008D48440040043A8825103A8827303662C032EF
S31504008D58267A80593A880B683A880FB83A8809609F
S31504008D683A880DB0809409403A8809103A880F0069
S31504008D783A8845153A8011113A88C7193A88C7407E
S31504008D883A88CB881706C0D83A888980170B80D8C2
S31504008D980401C0183A800D243A88C7103A8813206B
S31504008DA8170A80D8170500D93A884D313A881530FC
S31504008DB83AC0882034008800C4FFBF10150F00D9B4
S31504008DC81510C0D82E1680113A8811183A881F1023
S31504008DD8FA9704987AD01690FA9706507AD00C48DF
S31504008DE87AD00E503AB0D612440080003AB08C19A4
S31504008DF83A7088487AD018983A881B003400A00339
S31504008E083A8813303A8815383A8891402602002061
S31504008E183AB0645B3AB0A66336EDBF7A151000DA49
S31504008E2834008400C4FFBF1036148012171000DA09
S31504008E383A881F103A88454A3A804D123A8887522A
S31504008E483A8897943A808F5C3A88D99C4400000102
S31504008E583A88CD303A880F3BC4FF3F423A8813100C
S31504008E683A8815303AB01A11163000983A882558B7
S31504008E783A8827382EEFBF7A151000DAC43F8000E7
S31504008E883A708E48042080003A8807003A88110010
S31504008E9826188038C4008000040E00D9151280DA1A
S31504008EA8150E80D8151140DA066A3F0026218089F6
S31504008EB83A8809003A8805513A808D123A88075D3E
S31504008EC83A88CD303A8821003A8823003A88251012
S31504008ED83A8827302E9EFF32440080003A888980DB
S31504008EE83A800D243A884D343A8821203A8823302A
S31504008EF806983F001EE73F40044000013A700449C3
S31504008F083AB0C4101EE33F103AB0C49426E13F10A9
S31504008F183A88C5493A8051123A88914204C03F01B9
S31504008F283A7012113A88154006DA3F003A881368EF
S31504008F3806CE3F00367C3F1406DD3F002E85BF1261
S31504008F4806E53F00840080001E35BF207400010139
S31504008F5804892E21063F3F0004EDFFDE1511C0DC0F
S31504008F680404C0DC3A8811203A881328150E00DC5C
S31504008F783A8809D83A880B98040900DC1512C0DF28
S31504008F88150140DA1503C0D9150000DA150280D98F
S31504008F98151080DC150F40DC00E00940040200D9F6
S31504008FA83A880B8000E00940170400D94400800081
S31504008FB82E0B0011170940D92E764011170580D8B3
S31504008FC8170AC0D8040180013AF0C410150580D8E0
S31504008FD826028021840080001E1480202609002988
S31504008FE83A880998C0AE09401712C0DF1711C0DCC9
S31504008FF8171080DC170F40DC170E00DC0413C0DEE4
S315040090083A2800F87400010104892E21C0AE0940EB
S315040090181712C0DF1711C0DC171080DC170F40DCED
S31504009028170E00DC0413C0DE3A2800F8265B8029F4
S31504009038262D80281706C0D8170B80D81708C0D93C
S31504009048170D40DC3AC88B18170780D9170C00DCB3
S31504009058150640D93638403C2636C0893A88150064
S315040090683A881D003400C4023A881F003A883F0033
S31504009078440F8004060F00003A881D603A881F686A
S315040090883A880D403A880F103A8891317AD00858B0
S315040090983A8085413A88D3393AB0C6283A8845127F
S315040090A83A8815183A8817203A880D403A880F10D6
S315040090B8261780FCFA970A587AD006504400C0FF4F
S315040090C836F17F3C3AC811343A8005323AC8533CE3
S315040090D83AB098723AB0DA7A3AC885481EE6FF89F1
S315040090E836E93F3406E43F003A880998150480D9DE
S315040090F8C0AE09401712C0DF1711C0DC171080DC98
S31504009108170F40DC170E00DC0413C0DE3A2800F8FB
S31504009118C43F80003A709070042080003A880700A3
S315040091283A881300260D80401508C0DB150780DB36
S3150400913806AB3F002EC93F343A8885313A808911F7
S315040091483A88C7393A88C920C4FF7F293A880D1056
S315040091583A880F20150640D906C03F001EF23F483C
S31504009168044000013A7004713AB0C4101EEE3F1070
S315040091783AB0C43126EC3F103A8805723A80911306
S315040091883A88D14304C03F013A701C113A881F40FB
S3150400919806E53F003A88098006923F003A8809980E
S315040091A8150700D8150800D8150600D8068D3F00FF
S315040091B804EFFFDE150F40DC040440DC3A88052082
S315040091C83A880728150E00DC3A8809D83A880B88A5
S315040091D8040900DC1501C0D8150080D8150280D909
S315040091E81510C0DF1503C0D900E00940040200D9F0
S315040091F83A880B8000E00940170480D84400C00070
S315040092083A880D182E068018170980D83A880988CE
S315040092183A880B802E02801880F309403A880D108C
S315040092283A8805301710C0DF170F40DC170E00DC2C
S315040092380411C0DE3A2800F804EFFFDE150F40DCFF
S31504009248040440DC3A8805203A880728150E00DC11
S315040092583A8809D83A880B88040900DC1501C0D86D
S31504009268150080D8150280D91510C0DF1503C0D99A
S3150400927800E00940040200D93A880B8000E009405E
S31504009288170480D84400C0003A880D182E068018A2
S31504009298170980D83A8809883A880B802E028018DC
S315040092A880F309403A880D103A8805301710C0DF54
S315040092B8170F40DC170E00DC0411C0DE3A2800F84C
S315040092C804EFFFDE150F40DC040440DC3A88052071
S315040092D83A880728150E00DC3A8809D83A880B8894
S315040092E8040900DC1501C0D8150080D8150280D9F8
S315040092F81510C0DF1503C0D900E00940040200D9DF
S315040093083A880B8000E00940170480D84400C0005E
S31504009318C4FFBF012E068018170980D83A88098821
S315040093283A880B802E02801880F309403A880D107B
S315040093383A8805301710C0DF170F40DC170E00DC1B
S315040093480411C0DE3A2800F804EFFFDE150F40DCEE
S31504009358040440DC3A8805203A880728150E00DC00
S315040093683A8809D83A880B88040900DC1501C0D85C
S31504009378150080D8150280D91510C0DF1503C0D989
S3150400938800E00940040200D93A880B8000E009404D
S31504009398170480D84400C000C4FFBF012E068018F5
S315040093A8170980D83A8809883A880B802E028018CB
S315040093B880F309403A880D103A8805301710C0DF43
S315040093C8170F40DC170E00DC0411C0DE3A2800F83B
S315040093D804EFFFDE150F40DC040440DC3A88052060
S315040093E83A880728150E00DC3A8809D83A880B8883
S315040093F8040900DC1501C0D8150080D8150280D9E7
S315040094081510C0DF1503C0D900E00940040200D9CD
S315040094183A880B8000E00940170480D84400C0004D
S315040094283A880D182E068018170980D83A880988AC
S315040094383A880B802E02801880F309403A880D106A
S315040094483A8805301710C0DF170F40DC170E00DC0A
S315040094580411C0DE3A2800F8FAD7062004F6FFDE1F
S31504009468C40080001509C0DF1508C0DC150780DCB8
S31504009478150640DC150500DC150080D81501C0D892
S315040094881E0F002084008000150080D83A8809D869
S31504009498C0AE09403A8809103A880B183A8805205C
S315040094A83A8807281709C0DF1708C0DC170780DCC5
S315040094B8170640DC170500DC040AC0DE3A2800F863
S315040094C8040F80003A000718150280D826110018E0
S315040094D83A8827003A882520150300D91504C0DCE4
S315040094E8C0A60940440700110EE83F0144FFBF1017
S315040094F8160C00103A98A2903A882100170280D8D0
S31504009508150440DC150300DC3AC80511150280D899
S3150400951806DE3F003400A000260A80203AC8090166
S3150400952806EB3F007AD00690C40780003AC80511B6
S315040095383AD886183A9822993A9820913AB0621CF1
S3150400954806EE3F003A8809003478700106D33F00D6
S3150400955804F8FFDE3A8805203A8807283A8809D8A5
S31504009568040240D91501C0D8150080D81507C0DFF4
S3150400957800E009401702C0D8840080001E05801840
S315040095883A8807003A8805181707C0DF0408C0DEBA
S315040095983A2800F8440080002EF9FF1004018000E0
S315040095A8260480181704C0D816F53F1884078000C7
S315040095B80E08C010170380D81E1200103400E000ED
S315040095C8C4FFFF183A8805181707C0DF0408C0DE69
S315040095D83A2800F8040F80003AC8D11004F8BF40AE
S315040095E8170580D91706C0D9160800103AD888383E
S315040095F8170380D83A88072026E23F103AC807019D
S3150400960806E03F003400E00006DE3F003A88C7392A
S31504009618C40780003AC805123A9886183AD8083218
S315040096283AB0081906F23F0004F2FFDE150DC0DF52
S31504009638150CC0DD150B80DD150A40DD150900DDA6
S315040096481508C0DC150780DC150640DC150500DCAA
S31504009658150100D81E0F002084008000150080D84C
S315040096683A8809D8C0AE0940170DC0DF170CC0DD0B
S31504009678170B80DD170A40DD170900DD1708C0DC63
S31504009688170780DC170640DC170500DC040EC0DE6D
S315040096983A2800F8C4008000040FC0003A882F0056
S315040096A83A882D20150080D81502C0D8150300D98C
S315040096B81504C0DDC0A6094044074012160B00482D
S315040096C826E73F4844FFBF10162E00103A98A2B06A
S315040096D83A882100170280D8150440DC150300DCFB
S315040096E83AC84512150280D806DD3F003AC8550225
S315040096F804F8BF51161B00303AD8A8B93A882B008B
S315040097083A880F00440000013A88110016250030F3
S315040097183A98A6213A882500C4FFBF003A8889905A
S315040097283A888B983A808D243A884B313A7004B13A
S315040097383A7046B93AB0C410260200104400C00173
S315040097483A881100170200D93AB0C4A13AB006AA59
S315040097583AC849221504C0D8150200D9150380D879
S3150400976806BF3F003A88C7BDC40780003AC88512B9
S315040097783A9886183AD8A8B23AD8AABA3AB0281D56
S3150400978806DF3F007AD006B0C40780003AC84512FF
S315040097983AD886183A9862BA3A9860B23AB0621CCD
S315040097A806CC3F007AD00620C40780003AC8851242
S315040097B83AD8A6183A98A42206D73F002E1B0029A1
S315040097C8161A0028440080003A880700C407C00116
S315040097D8060300002613C0194400C01816040028FE
S315040097E83A884B293A88851036FA3F29260D0010FF
S315040097F83A880700360240213AC849213AB0861801
S315040098087AD004107AD00A281EFA3F1026020030AD
S315040098183A8805203A2800F83A8809183A8805202B
S315040098283A2800F83A88070006F83F004400800002
S315040098383A88070006EF3F0004FEFFDE150000DC49
S315040098481501C0DF3A882100160C00203A880D005D
S31504009858160E0028407C09403A8807103A0005800D
S315040098681E0100103AC8C7003A8805181701C0DF58
S31504009878170000DC0402C0DE3A2800F83AC80901D9
S31504009888440000043A880D000EF23F283AC84B01FA
S315040098983A00218006EF3F0004FFFFDE1500C0DF13
S315040098A8440080013A88072816040020160C00286C
S315040098B81700C0DF0401C0DE417C09403AC809012B
S315040098C8160B00283A880B1844008001407C09408E
S315040098D83AC885001700C0DF0401C0DE3A2800F83C
S315040098E83AC84B011700C0DF0401C0DE417C0940B9
S315040098F83AC8470106F33F003A880D00417C0940FF
S3150400990844008001417C0940260A00203A88070061
S315040099184C0080203A0005107AD008201E01001059
S315040099283A8847193A884B291EF93F203A88051878
S315040099383A2800F83A8807003A8805183A2800F8B9
S3150400994804F2FFDE150C00DF3AD43830150800DDC2
S31504009958150540DC3AD42820CCFF7F24150400DC06
S31504009968CCFF3F341507C0DC150000D93A882728F0
S315040099783A880988150140D93A880B80150280D996
S31504009988150DC0DF1503C0D9150A80DD150940DD9C
S315040099983A882D30150BC0DD150680DC0091094088
S315040099A83A8809883A880BE03A882B1000910940CE
S315040099B83A880B803A8809A03A882310009109400E
S315040099C83A8809A03A880BE03A88211000910940A0
S315040099D8CCFFFFA83AD42AA83A88238C3A881110CF
S315040099E83A886BAC3A9404A83A8809B03A880B9832
S315040099F83A88C7103AD412A83A880D182E0200AC31
S31504009A08740080003A8891403A8867423A882D3033
S31504009A1800910940170340D9170000D93A88231042
S31504009A28009109403A88CB143A884B893A8805B09C
S31504009A383A880728170DC0DF170C00DF170BC0DD9F
S31504009A48170A80DD170940DD170800DD1707C0DC93
S31504009A58170680DC170540DC170400DC040EC0DE9C
S31504009A683A2800F8D4FFBF00360E0011C43F800020
S31504009A78040240013A880700361000113A880B00A0
S31504009A883AD8C62074008100048EAE103A88871826
S31504009A98030080180408C0003A8885283AC885183F
S31504009AA83A2800F80404400134408000C4FFBF107B
S31504009AB83A8807282EF23F11040640013A880728F7
S31504009AC83AD8C62074008100048EAE103A888718E6
S31504009AD8030080180408C0003A8885283AC88518FF
S31504009AE83A2800F81700C02004FDFFDE150000DC44
S31504009AF8150280DC150140DC4400800017030022AF
S31504009B083A881F0017044022170100242E55C01056
S31504009B1804018000264F80188400800026028018DD
S31504009B283AB044421E1A00103A880D003A880F00CB
S31504009B383A88110034048000C4FFBF103A881D30E7
S31504009B483A7084383A950A402CFCBF793AB08C307E
S31504009B583404E000C4FFFF18FA9704803A70C6304C
S31504009B683AB0461934006001C4FF7F293A704A198D
S31504009B783AB08A283A8807283A880570170280DC9A
S31504009B88170140DC170000DC0403C0DE3A2800F89D
S31504009B98170200218400BF00163F8020C4FF8000FE
S31504009BA8162C0011C43F80003A708C4004208000B3
S31504009BB83A8807003A880F00C4FF8022261E8030A0
S31504009BC8C41F80003A8889403A800D223A884D326B
S31504009BD83A8811203A88133034008800C4FFBF102D
S31504009BE8360D40123A9604483AD20C403AD20E48F8
S31504009BF8C4FF3F013AB08C1134044001C4FF7F29E5
S31504009C083A7004313A704639CCFF01523A880D103D
S31504009C183A880F1806C73F00FA9708487AD00440CE
S31504009C287AD00648440080523AB084203A88111003
S31504009C383A88131806EB3F001EE13F38044000013A
S31504009C483A7004413AB0C41026E33F103A88053006
S31504009C5806DC3F003A880D003A880F00C4FF01026B
S31504009C6806B43F003A8805003402C0003AB08C4076
S31504009C783AB0CE48C4FF3F0134044001C4FF7F29EB
S31504009C883A7004313A7046393A880D103A880F18F2
S31504009C98C4FF010206A73F003AC80911040E800052
S31504009CA81643001104F8FF21164500383AD8D84956
S31504009CB83A881B003A882300440040013A88250064
S31504009CC8164700383A98D6293A881500C4FFBF00C3
S31504009CD83A8889503A888B583A808D223A884B318B
S31504009CE83A7004413A7046493AB0C4102602001044
S31504009CF8440040043A882500C43F80003AB04E64C4
S31504009D083A709238042080003AB0906C3A8815006C
S31504009D1826168048C41F00013A8805393A80CD11B1
S31504009D283A880D323A880F1034008400C4FFBF10F5
S31504009D383A8811303A880700361B80113A9604404F
S31504009D483AD208383AD20A403A8813183AB008116F
S31504009D58C4FFBF003404C000C4FFFF183A708C2047
S31504009D683A70CE28CCFF014A06723F001EE93F50DE
S31504009D78044000013A7004393A8807003AB0C4101E
S31504009D88260600103A88453A3A80CD113A880D32AB
S31504009D983A880F103A8811303A880700340084004C
S31504009DA8C4FFBF102EE53F124400C00006E33F007F
S31504009DB83A8809003A8813003A880B0006E43F00FB
S31504009DC83A88474AC40780003AC805113A9886185B
S31504009DD83AD818413AD81A493AB0181B06B53F007A
S31504009DE87AD00628C40780003AC805113AD89618C6
S31504009DF83A98142906B53F001701C02017004022D7
S31504009E0834048000C4FFBF103AD50818FAD70C18D2
S31504009E183A709418CCFF01223A881B283A881748C6
S31504009E28150180293A8819501E1E00403AB0844A02
S31504009E38261900103AD604483A920C5084003F0179
S31504009E483400C400C4FFFF183AB08C11C400800063
S31504009E583A920A481500806815020069360B80197B
S31504009E683A880F203A8811183A8845293A804911C0
S31504009E783A8887313A88C9203A880B103A880D20DF
S31504009E88C4FFFF392EF83F411502C06915048069DD
S31504009E98150340693A2800F88400800015008028D4
S31504009EA83A2800F8C4FF8100260F80403AD60C48A9
S31504009EB83A9206503A9204483A8809003AB0C630AB
S31504009EC8340044013AB00C1144003F423AB04E19EA
S31504009ED8C40080001504C0691502006A150080686C
S31504009EE8150380693A2800F83AB0844A1E0300101C
S31504009EF804018000150080283A2800F83A880900E9
S31504009F08340240013A7004493A7046513AB0C410D2
S31504009F182605001044008000150080681504006BAF
S31504009F281503C06A3A2800F81500006806FB3F00C6
S31504009F38170080214400C0002E0A801917008028C3
S31504009F482E0880180401C0002626C0302622C01018
S31504009F588400C0002605C0301E07C01017018020E3
S31504009F681E090010440080003A2800F81E1AC01082
S31504009F783A8805003A2800F81701002217018028B4
S31504009F882603804026F73F40C4FFBF003A2800F85E
S31504009F981702C0201702802816FAFF10160980181F
S31504009FA81704C0211704C028170380211703802823
S31504009FB836F4FF192605C0383602C0381EECFF19D8
S31504009FC82EEBBF301EE73F4006EF3F002EFABF11C7
S31504009FD826E43F4006EC3F00170180281EE13F10A7
S31504009FE806E93F001EDDBF111701C02817018020AE
S31504009FF83AC885183A2800F804FDFFDE1502C0DFC2
S3150400A008150140DC150000DC3A882120161D0020C5
S3150400A01804034001009109407400C10004E4F018E7
S3150400A0283A88C910261700201700802017048010C4
S3150400A038262100103AE83E103A8823103A88098007
S3150400A048804F0A40160200883A880500061D00005B
S3150400A058740081000467B510170080101E030010F1
S3150400A0687400C1000409FC18060200003AE83E1010
S3150400A0783A8807103AC8450415008018C4FFBF007B
S3150400A08806100000740081000467B51017008010DC
S3150400A0981E0300107400C1000409FC18060200001F
S3150400A0A83AE83E103A8807104414800015008018D0
S3150400A0B8C4FFBF00060300003A880980804F0A409F
S3150400A0C83A8805001702C0DF170140DC170000DCD8
S3150400A0D80403C0DE3A2800F83A8805303A2800F81E
S3150400A0E804FEFFDE1501C0DF150000DC3A882128CE
S3150400A0F81610002004034001009109407400C100B1
S3150400A10804E4F0183A88C910260A002017008020AB
S3150400A11817088010260300103A880B803AE83E1088
S3150400A1280610000004008800150180803A8805009E
S3150400A138060C0000740081000467B510170080102F
S3150400A1481E0300107400C1000409FC18060200006E
S3150400A1583AE83E103A88071044148000150080181F
S3150400A168C4FFBF001701C0DF170000DC0402C0DE0D
S3150400A1783A2800F804EFFFDE1510C0DF150F00DCDF
S3150400A1883A88212016110020040340010091094051
S3150400A1987400C10004E4F0183A88C510260B0010B0
S3150400A1A817008010170880101E0200104400800053
S3150400A1B8061200003A8809803A880BD8800E0A40AD
S3150400A1C8170180D820008810060C0000740081004E
S3150400A1D80467B510170080101E0300107400C10030
S3150400A1E80409FC18060200003AE83E103A880710EB
S3150400A1F844148000150080183A8805001710C0DF3B
S3150400A208170F00DC0411C0DE3A2800F804FFFFDE4D
S3150400A2181500C0DF74000101046C35217400C10007
S3150400A22804D5EE182609C02074008101046CB531E2
S3150400A238260680190401400117008020150080189D
S3150400A2483A8847193A8849211EFBFF303400010130
S3150400A258040800213400C1000408C0182609C020D7
S3150400A26834008101045A803126068019040140010C
S3150400A27817008020150080183A8847193A8849211A
S3150400A2881EFBFF307400010104FD2D217400C1007A
S3150400A29804FDED182609C0207400810104D5AE31E9
S3150400A2A8260680190401400117008020150080182D
S3150400A2B83A8847193A8849211EFBFF30C0E90A4003
S3150400A2C800F10A401700C0DF0401C0DE3A2800F88E
S3150400A2D804FDFFDE1502C0DF150140DC150000DCB5
S3150400A2E83A8821283A8823300E020020C4EB3F041A
S3150400A2F80610000004034001009109407400C100DF
S3150400A30804E4F0183A88C91026170020170080209C
S3150400A318170780101E02001084DE3F04060500009D
S3150400A3283A880B803A880D883AE83E100E100010D9
S3150400A3383A882110740081000467B510170080104C
S3150400A3481E0300107400C1000409FC18060200006C
S3150400A3583AE83E103A8807103AC8050415008018EA
S3150400A368C4FFBF0006020000C4EB3F0406F13F0029
S3150400A3781702C0DF170140DC170000DC0403C0DE47
S3150400A3883A2800F804FEFFDE1501C0DF150000DCDC
S3150400A3983A880900C0710A40806D0A407400810138
S3150400A3A804D1AE313A8809303A880B30C00A0B40DA
S3150400A3B817AE26D117AF66D117B0A6D1401A0040FA
S3150400A3C83A8821104400000100000A403A880980AE
S3150400A3D8C0570B403A2800F83A2800F804FDFFDE77
S3150400A3E81502C0DF150140DC150000DC3A88212877
S3150400A3F83A882330162C00200403400100910940B2
S3150400A4087400C10004E4F0183A88C910262600200E
S3150400A41817028020CC0080104400C0002615C01006
S3150400A4281700802017058010261200103A880B8022
S3150400A4383A880D883AE83E103A8821100E2600100C
S3150400A448740081000467B510170080101E030010FD
S3150400A4587400C1000409FC18060200003AE83E101C
S3150400A4683A8807103AC8050415008018C4FF3F0443
S3150400A47806190000740081000467B51017008010DF
S3150400A4881E0300107400C1000409FC18060200002B
S3150400A4983AE83E103A8807104403800015008018ED
S3150400A4A8C4FF3F04060C0000740081000467B5105D
S3150400A4B8170080101E0300107400C1000409FC185C
S3150400A4C8060200003AE83E103A8807104414800051
S3150400A4D815008018C4FF3F043A8805801702C0DFB8
S3150400A4E8170140DC170000DC0403C0DE3A2800F834
S3150400A4F804FCFFDE1503C0DF150280DC150140DC11
S3150400A508150000DC3A882520840080000E0C001112
S3150400A5187400410404E4708C040300043A880B8034
S3150400A528009109403A884514150200103A880990A2
S3150400A5383A880B80009109403A88451415000010A2
S3150400A5481703C0DF170280DC170140DC170000DCA4
S3150400A5580404C0DE3A2800F83A300B0084FFBF0032
S3150400A5683A7084283A700110170CA0D0C4008010E1
S3150400A57804FFFF003A70C610150CE0D03A88091992
S3150400A58834808100040080102E0300113A700128DB
S3150400A598C4FFFF0006020000150C20D13A700128FA
S3150400A5A83A8805183A2800F804FFFFDE1500C0DFCC
S3150400A5B800E00A401700C0DF0401C0DE3A2800F8AC
S3150400A5C804FDFFDE1502C0DF150140DC150000DCC2
S3150400A5D83A8821283A882330162B002004034001A0
S3150400A5E8009109407400C10004E4F0183A88C910BF
S3150400A5F82625002017028020CC008010261500107E
S3150400A6081700802017068010261200103A880B803F
S3150400A6183A880D883AE83E103A8821100E2600102A
S3150400A628740081000467B510170080101E0300101B
S3150400A6387400C1000409FC18060200003AE83E103A
S3150400A6483A8807103AC8050415008018C4FF3F0461
S3150400A65806190000740081000467B51017008010FD
S3150400A6681E0300107400C1000409FC180602000049
S3150400A6783AE83E103A88071044038000150080180B
S3150400A688C4FF3F04060C0000740081000467B5107B
S3150400A698170080101E0300107400C1000409FC187A
S3150400A6A8060200003AE83E103A880710441480006F
S3150400A6B815008018C4FF3F043A8805801702C0DFD6
S3150400A6C8170140DC170000DC0403C0DE3A2800F852
S3150400A6D804FEFFDE1501C0DF150000DC740001046A
S3150400A6E8044E31843A8809803A880B004401800173
S3150400A6F800860A4004F63F81740041010464752902
S3150400A70800EA0A401701C0DF170000DC0402C0DEB5
S3150400A7183A2800F804FFFFDE1500C0DF803A0B4034
S3150400A728440080003A7001101700C0DF0401C0DE3F
S3150400A7383A2800F804FFFFDE1500C0DF17000021E1
S3150400A748040A002140A10A401700C0DF0401C0DE44
S3150400A7583A2800F804FFFFDE1500C0DF3A88052012
S3150400A76817000021040A002117024011407D0A40FF
S3150400A7781700C0DF0401C0DE3A2800F804FFFFDE34
S3150400A7881500C0DF3A88052017000021040A0021B5
S3150400A7981702C01100BF0A401700C0DF0401C0DE5B
S3150400A7A83A2800F804FFFFDE1500C0DF3A880520C2
S3150400A7B817000021040A00211702C01180A80A40C4
S3150400A7C81700C0DF0401C0DE3A2800F8170C802100
S3150400A7D80C0050293A000B28060300001E02002824
S3150400A7E844FDBF003A2800F8170D8020260380117F
S3150400A7F81709C0201701802036F8BF183A880500C3
S3150400A8083A2800F8170080200401C0103700801881
S3150400A818040041013A7044112605001017088020E7
S3150400A8283AB04411350080181509002006060000C0
S3150400A8381709C0203400A00004FFBF103602C01058
S3150400A848440080181509802074008100040EBC1089
S3150400A858170080103A2800F804FDFFDE1502C0DF51
S3150400A868150100DC3A8821204400C0001508C020E0
S3150400A878170080203501C010150000D83A88092829
S3150400A8883A880B30740081010438AA313A880F805B
S3150400A898C0FA0A4015090080040200817400810088
S3150400A8A8040EBC1017004011740081010403AA3178
S3150400A8B83A880F80C0D60A400E0300103400A00060
S3150400A8C8C4FFBF10150180801702C0DF170100DC22
S3150400A8D80403C0DE3A2800F81700002204018003A6
S3150400A8E83A889943F4FF7F033700C0620CC0805846
S3150400A8F8264500100C40805826210010170A80208F
S3150400A90844008010CCFF8110170BC0202616C010F7
S3150400A9181400A002040E40024400C001C4FF8101D1
S3150400A928370040413A70842A260D0010170A802001
S3150400A9383A8805113A88451205004011170A8020FD
S3150400A9483A88C5113A708411150A8020170A80209E
S3150400A9583A88C5113A708411170BC0201EF0FF10EF
S3150400A9683A70442B260600101708802084FFFF003F
S3150400A9783A70C4101508802035008060370080605E
S3150400A9880C80805826D83F103A70445B3AD40A1093
S3150400A99826D53F28170DC020170C802026118018AD
S3150400A9A8040E420244008001C4FFC101170D802031
S3150400A9B83A8805113A884512070080103500804008
S3150400A9C8170D80203A8885113A70C411150D802018
S3150400A9D83AC88B2926C43F28170DC020170C802097
S3150400A9E81EF2BF181708C02044FFBF003A70861825
S3150400A9F81508C020170080203A8885133500C01032
S3150400AA083700806006B83F003A2800F844809A0068
S3150400AA182603802884809A001E178028060D0000C5
S3150400AA281701C0203400A000C4FFBF1026128018E6
S3150400AA381700803184FFFF3044FFBF102E02C01078
S3150400AA483400A00184FFBF31150180213A8805002E
S3150400AA583A2800F81701C0203400A000C4FFBF102C
S3150400AA6826058018170980203A80C51015008030FD
S3150400AA783A8805003A2800F8C4F9BF003A2800F8CD
S3150400AA8804F6FFDE1509C0DF150800DF1507C0DD6B
S3150400AA98150680DD150540DD150400DD1503C0DC4B
S3150400AAA8150280DC150140DC150000DC3A882520F7
S3150400AAB83A882F283A8827303A8839380E2280016E
S3150400AAC83A882BB8170A8095170B4094360240B477
S3150400AAD83AC861B406020000040082003AC8611448
S3150400AAE8260D00803A882998361D009C040E40914C
S3150400AAF83A8809A83A884B2C3A880D80C0660540DE
S3150400AB083A882BAC3AC8279C3A884584CCFF8110EE
S3150400AB18150B809016EBFF041E1CC0AD0C0090E0CC
S3150400AB281E0D0010170A80901E0380B01709C090E6
S3150400AB381701809036FBBF18170A8090260480B048
S3150400AB480E03C00406DE3F000C0090381E020010F7
S3150400AB58C4FEBF000618000044FDBF000616000028
S3150400AB68040E40913A8809A83A884B893A880D9880
S3150400AB78C06605403A88EBAC3A8827003A8845A46B
S3150400AB88CCFF8110150B809006E33F003A3009008C
S3150400AB9884FFBF003A7084203A7001101708809029
S3150400ABA854008010150880901700C090350180184D
S3150400ABB83A7001203AC8C5AD1709C0DF170800DF87
S3150400ABC81707C0DD170680DD170540DD170400DD0D
S3150400ABD81703C0DC170280DC170140DC170000DC11
S3150400ABE8040AC0DE3A2800F804F8FFDE1507C0DFB9
S3150400ABF8150680DD150540DD150400DD1503C0DCEA
S3150400AC08150280DC150140DC150000DC3A88212099
S3150400AC183A882D283A8811303A882B381606800146
S3150400AC283A882928062100003AC885A50643000063
S3150400AC3844FDBF00064100003A882928170C808481
S3150400AC48170D40812E0340913AC8852CC4FFBF11C5
S3150400AC580606000026030028040082003AC88D145C
S3150400AC6806020000C4FF81003AC88D142626003067
S3150400AC783A8827403A8823302E0180413A8823406F
S3150400AC88040E02813A8889243A880BA03A880D88EA
S3150400AC98C06605403A8869A43AC8519C3A884594DE
S3150400ACA8CCFF8110150C808016E43F023A30090067
S3150400ACB884FFBF003A7084203A7001101708808018
S3150400ACC894008010150880801700C080350180180C
S3150400ACD83A70012006070000170D80801E034011F4
S3150400ACE81709C0801701808036FBBF18170D8080AE
S3150400ACF81EED7F111ECC3FB50C0090A81ECC3F104C
S3150400AD08C4FEBF00060D00003A30090084FFBF00E8
S3150400AD183A7084203A7001101708808094008010D5
S3150400AD28150880801700C080350180183A70012004
S3150400AD380C0090A826E83F1006EE3F001707C0DF70
S3150400AD48170680DD170540DD170400DD1703C0DC90
S3150400AD58170280DC170140DC170000DC0408C0DE9B
S3150400AD683A2800F874008100040EBC1017008010FD
S3150400AD781E02001084DEBF003A2800F81E020020D6
S3150400AD8884FABF003A2800F8150380211505C02166
S3150400AD983A300F0084FFBF003A7084383A700110C5
S3150400ADA874008100040FBC101700C0104400800111
S3150400ADB83A8885193A888528150280202E02C010FB
S3150400ADC805048021060100000504002074008100A2
S3150400ADD8046AB510150180201700C0101500C0209C
S3150400ADE81700C01015010019150000113A70013832
S3150400ADF83A8805003A2800F804FEFFDE1501C0DF8C
S3150400AE08150000DC3A882120B466460144666629A2
S3150400AE1800900940261500103A880B100E0D800084
S3150400AE283A88070034002001C4FF3F21440080010A
S3150400AE38C4FF3F211EFE3F203A8887191EFCFF28BF
S3150400AE483A880910B4997901C49959290091094095
S3150400AE583A88A1803A880980440140010091094052
S3150400AE68C4FFBF101EFE3F10060500003A8809807D
S3150400AE784401400100910940C4FFBF1016FEBF00FB
S3150400AE883A8805001701C0DF170000DC0402C0DE9B
S3150400AE983A2800F83A2800F804FFFFDE1500C0DF58
S3150400AEA826020020170280201E0D0010740081005F
S3150400AEB80467B510170080101E0300107400C10043
S3150400AEC80409FC18060200003AE83E103A880710FE
S3150400AED8840580001500801884FABF000607000060
S3150400AEE815014021170080281500802017008028A6
S3150400AEF815010011150000293A8805001700C0DF5E
S3150400AF080401C0DE3A2800F83A2800F8FA300500A9
S3150400AF184400C0003A9846193A70C4103AC004105E
S3150400AF283A2800F83A300D0084FFBF003A7084309E
S3150400AF383A7001107400C100040DFC1817000019BA
S3150400AF48440080003A9844113AB004111500801858
S3150400AF5817008018FA7001103A7001303A88050013
S3150400AF683A2800F83A300D0084FFBF003A7084305E
S3150400AF783A7001107400C100040DFC18170000197A
S3150400AF8884FFBF003A1844113A700411150080185A
S3150400AF9817008018FA7001103A7001303A880500D3
S3150400AFA83A2800F804FEFFDE1501C0DF170280D830
S3150400AFB8150080D8C0FC0A401701C0DF0402C0DEB1
S3150400AFC83A2800F804FEFFDE1501C0DF150000DC90
S3150400AFD8C40780000E02401184FABF00060F000061
S3150400AFE83A30210084FFBF003A7084803A70011019
S3150400AFF8FA9004287400C100041AFC183A88C5108B
S3150400B008150080111501C01126020030C0F20A404D
S3150400B01806010000C0F60A403A7001801701C0DF35
S3150400B028170000DC0402C0DE3A2800F804FDFFDE3F
S3150400B0381502C0DF150140DC150000DC3A88232020
S3150400B0483A8809283A880B303A880D3840140B4058
S3150400B0583A882110160E00103A8809100403400194
S3150400B068009109407400C10004E4F0183A88C51038
S3150400B0781700C0101500C0881701C0101501C08834
S3150400B08817028010150280883A880980804F0A4082
S3150400B0981702C0DF170140DC170000DC0403C0DE1A
S3150400B0A83A2800F804FAFFDE1505C0DF150400DDAA
S3150400B0B81503C0DC150280DC150140DC150000DC34
S3150400B0C83A8805203A8827283A88293074000104E2
S3150400B0D804E7308444008004C47F40043A88098025
S3150400B0E83A880B103A880D903A880F8840030B402B
S3150400B0F804FD3F843A8809803A880B983A880D00FB
S3150400B1083A880F8840030B40040600813A880BA04E
S3150400B1183A880D903A880F8840030B401705C0DF1C
S3150400B128170400DD1703C0DC170280DC170140DCB6
S3150400B138170000DC0406C0DE3A2800F804F9FFDE2E
S3150400B1481506C0DF150540DD150400DD1503C0DC52
S3150400B158150280DC150140DC150000DC3A8829203C
S3150400B1683A8827283A882B307400410104647529E3
S3150400B178003B0B403A882110260200103A88250025
S3150400B188060A00003A8809A000420B403A882110B2
S3150400B1981E050010C4FF7F0444FB3F04062D00006F
S3150400B1A8C4FC3F04062B0000440080043A88098046
S3150400B1B8C04D0B403A882310163500103A880910FA
S3150400B1C804034001009109407400010204E430427A
S3150400B1D83A88091234009000C4FFBF103A70869862
S3150400B1E81502C0203AC004901E12001034009018AC
S3150400B1F815028020740081000466B5101700C0117A
S3150400B208170080213A880B003A8807404400400218
S3150400B21804030002170080181E0380111702801801
S3150400B2280E0100101EDE3F193A884B2A3A88071A7F
S3150400B2382EF87F3917038080261700103A880BA04A
S3150400B2483A880D983A880FA83AE83E103A882110A9
S3150400B2580E1100103A880988804F0A40740081004C
S3150400B2680467B510170080101E0300107400C1008F
S3150400B2780409FC18060200003AE83E103A8807104A
S3150400B2883AC8050415008018C4FF7F0406020000A6
S3150400B2983A88211006EF3F003A8805881706C0DF6A
S3150400B2A8170540DD170400DD1703C0DC170280DC30
S3150400B2B8170140DC170000DC0407C0DE3A2800F852
S3150400B2C83A300B0084FFBF003A7084283A700110A4
S3150400B2D81700C02017018020150180181701802047
S3150400B2E81500C01015010021150000213A70012827
S3150400B2F83A2800F804FDFFDE1502C0DF150140DC1C
S3150400B308150000DC170E20D417B3A6D0440080100D
S3150400B31815B3A6D0061B00001700408403048080DA
S3150400B3282603001017B3A6D01E01001005040080DA
S3150400B33817B3E6D01702808036118018030480807C
S3150400B3481E0F001017038080170500813AE83E1087
S3150400B3583A8807101E0300103A880980802C0B408F
S3150400B36806070000170280803A888518150280802F
S3150400B37817B3E6D02E02C01044008000050480806E
S3150400B3883A882188040EA0D01EE3BF801702C0DFC6
S3150400B398170140DC170000DC0403C0DE3A2800F875
S3150400B3A8FA7001003A2800F804FBFFDE1504C0DF32
S3150400B3B81503C0DC150280DC150140DC150000DC31
S3150400B3C83A8827203A8821281700402C80380040DC
S3150400B3D8440080142607008C170200893A880B98C3
S3150400B3E83A880D90405B0B40260300101700408CEA
S3150400B3F81EF97F843A8823003A8805881704C0DF33
S3150400B4081703C0DC170280DC170140DC170000DCD8
S3150400B4180405C0DE3A2800F804F9FFDE1506C0DF85
S3150400B428150540DD150400DD1503C0DC150280DCB6
S3150400B438150140DC150000DC3A88252074008100DB
S3150400B4480462B510170040143A882B102616808813
S3150400B458C4FF3F05C40BC0041702008C3A88098050
S3150400B468803800403A8807103A8885803A88051556
S3150400B478070080101E01C0143A88071D3A88851CE7
S3150400B488070080102601C0141E0500103A8809809A
S3150400B4983A880B903A880D18405B0B402603001037
S3150400B4A81700408C1EEC7F8D3A8823003A8805885D
S3150400B4B81706C0DF170540DD170400DD1703C0DCD7
S3150400B4C8170280DC170140DC170000DC0407C0DE25
S3150400B4D83A2800F804FBFFDE1504C0DF1503C0DCB8
S3150400B4E8150280DC150140DC150000DC3A882520AD
S3150400B4F83A8821007400C10004E4F0187400C104F9
S3150400B5080466F59C170080181E0E00103A880980F8
S3150400B51804034001009109407400C10004E4F018D2
S3150400B5283A88C5101500801417008098160200146E
S3150400B5383A880580060800001500009C3A880580AC
S3150400B54806050000440000840403C01804088000AB
S3150400B5581EECBF8004FABF001704C0DF1703C0DC63
S3150400B568170280DC170140DC170000DC0405C0DE86
S3150400B5783A2800F804FEFFDE3A880B00150000DCC2
S3150400B5881501C0DF3A882120C0620B40740081008F
S3150400B598045DB51017000011170F8020260100104E
S3150400B5A83AE83E103A880980C07D0B40C400C000C2
S3150400B5B82E0380193AB044213A70C410260F00109D
S3150400B5C8C4FFFF311E060030060A0000C4FFFF3917
S3150400B5D8C4FFBF00440000214400402926058038E2
S3150400B5E80300C0200300802826F8BF183AC8851827
S3150400B5F83A2800F83A8805003A2800F83A880F18D5
S3150400B6081700C020170080281EEDBF1804FFBF319D
S3150400B618040100210401402936F9BF3906E83F0030
S3150400B6283A2800F874008100045DB51017008010EC
S3150400B63804F3FFDE150B00DF150180D83400800003
S3150400B648040080103A000510150280D8170180D826
S3150400B658150840DD150700DD04528010150CC0DFFF
S3150400B668150AC0DD150980DD1506C0DC150580DC64
S3150400B678150440DC150300DC3A882B283A8839205F
S3150400B688150080D83A002928170180D81752401483
S3150400B698261000881700C0DD170180880422808CD4
S3150400B6A8C4FF3F1416090080C4FFBF051E1500A079
S3150400B6B83A8809843A8805213A8885141720C010DF
S3150400B6C82611C0A8C4FF3F841EF8BF85170280D878
S3150400B6D826310010170CC0DF170B00DF170AC0DD70
S3150400B6E8170980DD170840DD170700DD1706C0DCDB
S3150400B6F8170580DC170440DC170300DC040DC0DEE4
S3150400B7083A2800F83A8809841701C0883A88052136
S3150400B7183A884514C4FFFF18170280112615001C21
S3150400B7281502001026E73F304400C0003A98061C6C
S3150400B738174080901701C08C3A708418261400109C
S3150400B748174180903A7084181E0C00103A88052117
S3150400B7583A888514170040113A8809E03AE83E30D9
S3150400B768170180881EC8BF98170080B826D57F148D
S3150400B77806C53F001501008C06EA3F003A880521F4
S3150400B7883A888514170000113AE83E3006F43F005B
S3150400B7983AE83E3006F23F00170180881E0800107A
S3150400B7A81700008926070020150000B93A88098879
S3150400B7B800000000170040BC1EB73F8806C53F00BE
S3150400B7C8170000893A882F883A8823201EB23F88B2
S3150400B7D806C03F002602002070F02A000601000079
S3110400B7E8B0F02A0006FF3F0028B600045B
S3150400B7F42D2D2D20526F626F7420656E2041637463
S3150400B804696F6E202D2D2D004361707465757273F6
S3150400B814203A200020285261773A203078253032A5
S3150400B82458290D000A0000003031323334353637D6
S3150400B834383961626364656600000000494E460057
S3150400B844696E66004E414E006E616E00286E756C1C
S3150400B8546C290000303132333435363738394142B5
S3150400B864434445460000000062756720696E2076ED
S3150400B874667072696E74663A2062616420626173EA
S3150400B8846500000030003030303030303030303035
S3150400B894303030303030202020202020202020203A
S3150400B8A42020202020200000496E66696E69747980
S3150400B8B4000000004E614E00430000002E0000000C
S3150400B8C449534F2D383835392D310000C0B800049A
S3150400B8D468B8000468B8000468B8000468B80004CA
S3150400B8E468B8000468B8000468B8000468B80004BA
S3150400B8F468B800047F7F7F7F7F7F7F7F000000001E
S3150400B9040000F03F00000000000024400000000096
S3150400B914000059400000000000408F400000000071
S3150400B9240088C34000000000006AF84000000000DC
S3150400B93480842E4100000000D01263410000000000
S3150400B94484D797410000000065CDCD410000002056
S3150400B9545FA00242000000E876483742000000A2D5
S3150400B964941A6D42000040E59C30A2420000901EE9
S3150400B974C4BCD64200003426F56B0C430080E03781
S3150400B98479C3414300A0D8855734764300C84E672B
S3150400B9946DC1AB43003D9160E458E143408CB578F6
S3150400B9A41DAF154450EFE2D6E41A4B4492D54D0626
S3150400B9B4CFF08044F64AE1C7022DB544B49DD97943
S3150400B9C44378EA440080E03779C34143176E05B5EA
S3150400B9D4B5B89346F5F93FE9034F384D321D30F9AE
S3150400B9E44877825A3CBF737FDD4F1575BC89D89757
S3150400B9F4B2D29C3C33A7A8D523F649393DA7F444CF
S3150400BA04FD0FA5329D978CCF08BA5B25436FAC64B2
S3150400BA142806C80A05000000190000007D0000007D
S3150400BA240000000000000000000000000000000008
S3150400BA3400000000000102020303030304040404D7
S3150400BA44040404040505050505050505050505059C
S3150400BA54050505050606060606060606060606067C
S3150400BA640606060606060606060606060606060668
S3150400BA74060606060707070707070707070707074C
S3150400BA840707070707070707070707070707070738
S3150400BA940707070707070707070707070707070728
S3150400BAA40707070707070707070707070707070718
S3150400BAB407070707080808080808080808080808FC
S3150400BAC408080808080808080808080808080808E8
S3150400BAD408080808080808080808080808080808D8
S3150400BAE408080808080808080808080808080808C8
S3150400BAF408080808080808080808080808080808B8
S3150400BB0408080808080808080808080808080808A7
S3150400BB140808080808080808080808080808080897
S3150400BB240808080808080808080808080808080887
S3150400BB34080808082F6465762F6E756C6C0000007F
S3150400BB442F6465762F6A7461675F75617274000089
S3150400D5B00000000040BE00049CBE0004F8BE000447
S3150400D5C00000000000000000000000000000000051
S3150400D5D00000000000000000000000000000000041
S3150400D5E000000000BCB800040000000000000000B9
S3150400D5F00000000000000000000000000000000021
S3150400D6000000000000000000000000000000000010
S3150400D6100000000000000000000000000000000000
S3150400D62000000000000000000000000000000000F0
S3150400D63000000000000000000000000000000000E0
S3150400D64000000000000000000000000000000000D0
S3150400D6500000000001000000000000000E33CDAB06
S3150400D66034126DE6ECDE05000B000000000000003D
S3150400D67000000000000000000000000000000000A0
S3150400D6800000000000000000000000000000000090
S3150400D6900000000000000000000000000000000080
S3150400D6A00000000000000000000000000000000070
S3150400D6B00000000000000000000000000000000060
S3150400D6C00000000000000000000000000000000050
S3150400D6D00000000000000000000000000000000040
S3150400D6E00000000000000000000000000000000030
S3150400D6F00000000000000000000000000000000020
S3150400D700000000000000000000000000000000000F
S3150400D71000000000000000000000000000000000FF
S3150400D72000000000000000000000000000000000EF
S3150400D73000000000000000000000000000000000DF
S3150400D74000000000000000000000000000000000CF
S3150400D75000000000000000000000000000000000BF
S3150400D76000000000000000000000000000000000AF
S3150400D770000000000000000000000000000000009F
S3150400D780000000000000000000000000000000008F
S3150400D790000000000000000000000000000000007F
S3150400D7A0000000000000000000000000000000006F
S3150400D7B0000000000000000000000000000000005F
S3150400D7C0000000000000000000000000000000004F
S3150400D7D0000000000000000000000000000000003F
S3150400D7E0000000000000000000000000000000002F
S3150400D7F0000000000000000000000000000000001F
S3150400D800000000000000000000000000000000000E
S3150400D81000000000000000000000000000000000FE
S3150400D82000000000000000000000000000000000EE
S3150400D83000000000000000000000000000000000DE
S3150400D84000000000000000000000000000000000CE
S3150400D85000000000000000000000000000000000BE
S3150400D86000000000000000000000000000000000AE
S3150400D870000000000000000000000000000000009E
S3150400D880000000000000000000000000000000008E
S3150400D890000000000000000000000000000000007E
S3150400D8A0000000000000000000000000000000006E
S3150400D8B0000000000000000000000000000000005E
S3150400D8C0000000000000000000000000000000004E
S3150400D8D0000000000000000000000000000000003E
S3150400D8E0000000000000000000000000000000002E
S3150400D8F0000000000000000000000000000000001E
S3150400D900000000000000000000000000000000000D
S3150400D91000000000000000000000000000000000FD
S3150400D92000000000000000000000000000000000ED
S3150400D93000000000000000000000000000000000DD
S3150400D94000000000000000000000000000000000CD
S3150400D95000000000000000000000000000000000BD
S3150400D96000000000000000000000000000000000AD
S3150400D970000000000000000000000000000000009D
S3150400D980000000000000000000000000000000008D
S3150400D990000000000000000000000000000000007D
S3150400D9A0000000000000000000000000000000006D
S3150400D9B0430000000000000000000000000000001A
S3150400D9C00000000060BF000460BF000468BF0004DC
S3150400D9D068BF000470BF000470BF000478BF000471
S3150400D9E078BF000480BF000480BF000488BF000421
S3150400D9F088BF000490BF000490BF000498BF0004D1
S3150400DA0098BF0004A0BF0004A0BF0004A8BF000480
S3150400DA10A8BF0004B0BF0004B0BF0004B8BF000430
S3150400DA20B8BF0004C0BF0004C0BF0004C8BF0004E0
S3150400DA30C8BF0004D0BF0004D0BF0004D8BF000490
S3150400DA40D8BF0004E0BF0004E0BF0004E8BF000440
S3150400DA50E8BF0004F0BF0004F0BF0004F8BF0004F0
S3150400DA60F8BF000400C0000400C0000408C000049D
S3150400DA7008C0000410C0000410C0000418C000044C
S3150400DA8018C0000420C0000420C0000428C00004FC
S3150400DA9028C0000430C0000430C0000438C00004AC
S3150400DAA038C0000440C0000440C0000448C000045C
S3150400DAB048C0000450C0000450C0000458C000040C
S3150400DAC058C0000460C0000460C0000468C00004BC
S3150400DAD068C0000470C0000470C0000478C000046C
S3150400DAE078C0000480C0000480C0000488C000041C
S3150400DAF088C0000490C0000490C0000498C00004CC
S3150400DB0098C00004A0C00004A0C00004A8C000047B
S3150400DB10A8C00004B0C00004B0C00004B8C000042B
S3150400DB20B8C00004C0C00004C0C00004C8C00004DB
S3150400DB30C8C00004D0C00004D0C00004D8C000048B
S3150400DB40D8C00004E0C00004E0C00004E8C000043B
S3150400DB50E8C00004F0C00004F0C00004F8C00004EB
S3150400DB60F8C0000400C1000400C1000408C1000498
S3150400DB7008C1000410C1000410C1000418C1000447
S3150400DB8018C1000420C1000420C1000428C10004F7
S3150400DB9028C1000430C1000430C1000438C10004A7
S3150400DBA038C1000440C1000440C1000448C1000457
S3150400DBB048C1000450C1000450C1000458C1000407
S3150400DBC058C1000460C1000460C1000468C10004B7
S3150400DBD068C1000470C1000470C1000478C1000467
S3150400DBE078C1000480C1000480C1000488C1000417
S3150400DBF088C1000490C1000490C1000498C10004C7
S3150400DC0098C10004A0C10004A0C10004A8C1000476
S3150400DC10A8C10004B0C10004B0C10004B8C1000426
S3150400DC20B8C10004C0C10004C0C10004C8C10004D6
S3150400DC30C8C10004D0C10004D0C10004D8C1000486
S3150400DC40D8C10004E0C10004E0C10004E8C1000436
S3150400DC50E8C10004F0C10004F0C10004F8C10004E6
S3150400DC60F8C1000400C2000400C2000408C2000493
S3150400DC7008C2000410C2000410C2000418C2000442
S3150400DC8018C2000420C2000420C2000428C20004F2
S3150400DC9028C2000430C2000430C2000438C20004A2
S3150400DCA038C2000440C2000440C2000448C2000452
S3150400DCB048C2000450C2000450C2000458C2000402
S3150400DCC058C2000460C2000460C2000468C20004B2
S3150400DCD068C2000470C2000470C2000478C2000462
S3150400DCE078C2000480C2000480C2000488C2000412
S3150400DCF088C2000490C2000490C2000498C20004C2
S3150400DD0098C20004A0C20004A0C20004A8C2000471
S3150400DD10A8C20004B0C20004B0C20004B8C2000421
S3150400DD20B8C20004C0C20004C0C20004C8C20004D1
S3150400DD30C8C20004D0C20004D0C20004D8C2000481
S3150400DD40D8C20004E0C20004E0C20004E8C2000431
S3150400DD50E8C20004F0C20004F0C20004F8C20004E1
S3150400DD60F8C2000400C3000400C3000408C300048E
S3150400DD7008C3000410C3000410C3000418C300043D
S3150400DD8018C3000420C3000420C3000428C30004ED
S3150400DD9028C3000430C3000430C3000438C300049D
S3150400DDA038C3000440C3000440C3000448C300044D
S3150400DDB048C3000450C3000450C3000458C30004FD
S3150400DDC058C3000490D5000490D5000438BB000461
S3150400DDD0000000000000000000000000E0A00004B5
S3150400DDE000000000000000000000000068C30004FA
S3150400DDF0000000000000000068C3000400000000EA
S3150400DE000000000068C300040000000000000000D9
S3150400DE1000000000000000000000000000000000F8
S3150400DE2000000000000000000000000000000000E8
S3150400DE3000000000000000000000000000000000D8
S3150400DE4000000000000000000000000000000000C8
S3150400DE5000000000000000000000000000000000B8
S3150400DE6000000000000000000000000000000000A8
S3150400DE700000000000000000000000000000000098
S3150400DE800000000000000000000000000000000088
S3150400DE900000000000000000000000000000000078
S3150400DEA00000000000000000000000000000000068
S3150400DEB00000000000000000000000000000000058
S3150400DEC00000000000000000000000000000000048
S3150400DED00000000000000000000000000000000038
S3150400DEE00000000000000000000000000000000028
S3150400DEF00000000000000000000000000000000018
S3150400DF000000000000000000000000000000000007
S3150400DF1000000000000000000000000000000000F7
S3150400DF2000000000000000000000000000000000E7
S3150400DF3000000000000000000000000000000000D7
S3150400DF4000000000000000000000000000000000C7
S3150400DF5000000000000000000000000000000000B7
S3150400DF6000000000000000000000000000000000A7
S3150400DF700000000044BB0004000000005CA700048D
S3150400DF80ACA7000484A70004000000000000000001
S3150400DF903CA70004203000000A0000000000000036
S3150400DFA00000000000000000000000000000000067
S3150400DFB00000000000000000000000000000000057
S3150400DFC00000000000000000000000000000000047
S3150400DFD00000000000000000000000000000000037
S3150400DFE00000000000000000000000000000000027
S3150400DFF00000000000000000000000000000000017
S3150400E0000000000000000000000000000000000006
S3150400E01000000000000000000000000000000000F6
S3150400E02000000000000000000000000000000000E6
S3150400E03000000000000000000000000000000000D6
S3150400E04000000000000000000000000000000000C6
S3150400E05000000000000000000000000000000000B6
S3150400E06000000000000000000000000000000000A6
S3150400E0700000000000000000000000000000000096
S3150400E0800000000000000000000000000000000086
S3150400E0900000000000000000000000000000000076
S3150400E0A00000000000000000000000000000000066
S3150400E0B00000000000000000000000000000000056
S3150400E0C00000000000000000000000000000000046
S3150400E0D00000000000000000000000000000000036
S3150400E0E00000000000000000000000000000000026
S3150400E0F00000000000000000000000000000000016
S3150400E1000000000000000000000000000000000005
S3150400E11000000000000000000000000000000000F5
S3150400E12000000000000000000000000000000000E5
S3150400E13000000000000000000000000000000000D5
S3150400E14000000000000000000000000000000000C5
S3150400E15000000000000000000000000000000000B5
S3150400E16000000000000000000000000000000000A5
S3150400E1700000000000000000000000000000000095
S3150400E1800000000000000000000000000000000085
S3150400E1900000000000000000000000000000000075
S3150400E1A00000000000000000000000000000000065
S3150400E1B00000000000000000000000000000000055
S3150400E1C00000000000000000000000000000000045
S3150400E1D00000000000000000000000000000000035
S3150400E1E00000000000000000000000000000000025
S3150400E1F00000000000000000000000000000000015
S3150400E2000000000000000000000000000000000004
S3150400E21000000000000000000000000000000000F4
S3150400E22000000000000000000000000000000000E4
S3150400E23000000000000000000000000000000000D4
S3150400E24000000000000000000000000000000000C4
S3150400E25000000000000000000000000000000000B4
S3150400E26000000000000000000000000000000000A4
S3150400E2700000000000000000000000000000000094
S3150400E2800000000000000000000000000000000084
S3150400E2900000000000000000000000000000000074
S3150400E2A00000000000000000000000000000000064
S3150400E2B00000000000000000000000000000000054
S3150400E2C00000000000000000000000000000000044
S3150400E2D00000000000000000000000000000000034
S3150400E2E00000000000000000000000000000000024
S3150400E2F00000000000000000000000000000000014
S3150400E3000000000000000000000000000000000003
S3150400E31000000000000000000000000000000000F3
S3150400E32000000000000000000000000000000000E3
S3150400E33000000000000000000000000000000000D3
S3150400E34000000000000000000000000000000000C3
S3150400E35000000000000000000000000000000000B3
S3150400E36000000000000000000000000000000000A3
S3150400E3700000000000000000000000000000000093
S3150400E3800000000000000000000000000000000083
S3150400E3900000000000000000000000000000000073
S3150400E3A00000000000000000000000000000000063
S3150400E3B00000000000000000000000000000000053
S3150400E3C00000000000000000000000000000000043
S3150400E3D00000000000000000000000000000000033
S3150400E3E00000000000000000000000000000000023
S3150400E3F00000000000000000000000000000000013
S3150400E4000000000000000000000000000000000002
S3150400E41000000000000000000000000000000000F2
S3150400E42000000000000000000000000000000000E2
S3150400E43000000000000000000000000000000000D2
S3150400E44000000000000000000000000000000000C2
S3150400E45000000000000000000000000000000000B2
S3150400E46000000000000000000000000000000000A2
S3150400E4700000000000000000000000000000000092
S3150400E4800000000000000000000000000000000082
S3150400E4900000000000000000000000000000000072
S3150400E4A00000000000000000000000000000000062
S3150400E4B00000000000000000000000000000000052
S3150400E4C00000000000000000000000000000000042
S3150400E4D00000000000000000000000000000000032
S3150400E4E00000000000000000000000000000000022
S3150400E4F00000000000000000000000000000000012
S3150400E5000000000000000000000000000000000001
S3150400E51000000000000000000000000000000000F1
S3150400E52000000000000000000000000000000000E1
S3150400E53000000000000000000000000000000000D1
S3150400E54000000000000000000000000000000000C1
S3150400E55000000000000000000000000000000000B1
S3150400E56000000000000000000000000000000000A1
S3150400E5700000000000000000000000000000000091
S3150400E5800000000000000000000000000000000081
S3150400E5900000000000000000000000000000000071
S3150400E5A00000000000000000000000000000000061
S3150400E5B00000000000000000000000000000000051
S3150400E5C00000000000000000000000000000000041
S3150400E5D00000000000000000000000000000000031
S3150400E5E00000000000000000000000000000000021
S3150400E5F00000000000000000000000000000000011
S3150400E6000000000000000000000000000000000000
S3150400E61000000000000000000000000000000000F0
S3150400E62000000000000000000000000000000000E0
S3150400E63000000000000000000000000000000000D0
S3150400E64000000000000000000000000000000000C0
S3150400E65000000000000000000000000000000000B0
S3150400E66000000000000000000000000000000000A0
S3150400E6700000000000000000000000000000000090
S3150400E6800000000000000000000000000000000080
S3150400E6900000000000000000000000000000000070
S3150400E6A00000000000000000000000000000000060
S3150400E6B00000000000000000000000000000000050
S3150400E6C00000000000000000000000000000000040
S3150400E6D00000000000000000000000000000000030
S3150400E6E00000000000000000000000000000000020
S3150400E6F00000000000000000000000000000000010
S3150400E70000000000000000000000000000000000FF
S3150400E71000000000000000000000000000000000EF
S3150400E72000000000000000000000000000000000DF
S3150400E73000000000000000000000000000000000CF
S3150400E74000000000000000000000000000000000BF
S3150400E75000000000000000000000000000000000AF
S3150400E760000000000000000000000000000000009F
S3150400E770000000000000000000000000000000008F
S3150400E780000000000000000000000000000000007F
S3150400E790000000000000000000000000000000006F
S3150400E7A0000000000000000000000000000000005F
S3150400E7B0000000000000000000000000000000004F
S3150400E7C0000000000000000000000000000000003F
S3150400E7D0000000000000000000000000000000002F
S3150400E7E0000000000000000000000000000000001F
S3150400E7F0000000000000000000000000000000000F
S3150400E80000000000000000000000000000000000FE
S3150400E81000000000000000000000000000000000EE
S3150400E82000000000000000000000000000000000DE
S3150400E83000000000000000000000000000000000CE
S3150400E84000000000000000000000000000000000BE
S3150400E85000000000000000000000000000000000AE
S3150400E860000000000000000000000000000000009E
S3150400E870000000000000000000000000000000008E
S3150400E880000000000000000000000000000000007E
S3150400E890000000000000000000000000000000006E
S3150400E8A0000000000000000000000000000000005E
S3150400E8B0000000000000000000000000000000004E
S3150400E8C0000000000000000000000000000000003E
S3150400E8D0000000000000000000000000000000002E
S3150400E8E0000000000000000000000000000000001E
S3150400E8F0000000000000000000000000000000000E
S3150400E90000000000000000000000000000000000FD
S3150400E91000000000000000000000000000000000ED
S3150400E92000000000000000000000000000000000DD
S3150400E93000000000000000000000000000000000CD
S3150400E94000000000000000000000000000000000BD
S3150400E95000000000000000000000000000000000AD
S3150400E960000000000000000000000000000000009D
S3150400E970000000000000000000000000000000008D
S3150400E980000000000000000000000000000000007D
S3150400E990000000000000000000000000000000006D
S3150400E9A0000000000000000000000000000000005D
S3150400E9B0000000000000000000000000000000004D
S3150400E9C0000000000000000000000000000000003D
S3150400E9D0000000000000000000000000000000002D
S3150400E9E0000000000000000000000000000000001D
S3150400E9F0000000000000000000000000000000000D
S3150400EA0000000000000000000000000000000000FC
S3150400EA1000000000000000000000000000000000EC
S3150400EA2000000000000000000000000000000000DC
S3150400EA3000000000000000000000000000000000CC
S3150400EA4000000000000000000000000000000000BC
S3150400EA5000000000000000000000000000000000AC
S3150400EA60000000000000000000000000000000009C
S3150400EA70000000000000000000000000000000008C
S3150400EA80000000000000000000000000000000007C
S3150400EA90000000000000000000000000000000006C
S3150400EAA0000000000000000000000000000000005C
S3150400EAB0000000000000000000000000000000004C
S3150400EAC0000000000000000000000000000000003C
S3150400EAD0000000000000000000000000000000002C
S3150400EAE0000000000000000000000000000000001C
S3150400EAF0000000000000000000000000000000000C
S3150400EB0000000000000000000000000000000000FB
S3150400EB1000000000000000000000000000000000EB
S3150400EB2000000000000000000000000000000000DB
S3150400EB3000000000000000000000000000000000CB
S3150400EB4000000000000000000000000000000000BB
S3150400EB5000000000000000000000000000000000AB
S3150400EB60000000000000000000000000000000009B
S3150400EB70000000000000000000000000000000008B
S3150400EB80000000000000000000000000000000007B
S3150400EB90000000000000000000000000000000006B
S3150400EBA0000000000000000000000000000000005B
S3150400EBB0000000000000000000000000000000004B
S3150400EBC0000000000000000000000000000000003B
S3150400EBD0000000000000000000000000000000002B
S3150400EBE0000000000000000000000000000000001B
S3150400EBF0000000000000000000000000000000000B
S3150400EC0000000000000000000000000000000000FA
S3150400EC1000000000000000000000000000000000EA
S3150400EC2000000000000000000000000000000000DA
S3150400EC3000000000000000000000000000000000CA
S3150400EC4000000000000000000000000000000000BA
S3150400EC5000000000000000000000000000000000AA
S3150400EC60000000000000000000000000000000009A
S3150400EC70000000000000000000000000000000008A
S3150400EC80000000000000000000000000000000007A
S3150400EC90000000000000000000000000000000006A
S3150400ECA0000000000000000000000000000000005A
S3150400ECB0000000000000000000000000000000004A
S3150400ECC0000000000000000000000000000000003A
S3150400ECD0000000000000000000000000000000002A
S3150400ECE0000000000000000000000000000000001A
S3150400ECF0000000000000000000000000000000000A
S3150400ED0000000000000000000000000000000000F9
S3150400ED1000000000000000000000000000000000E9
S3150400ED2000000000000000000000000000000000D9
S3150400ED3000000000000000000000000000000000C9
S3150400ED4000000000000000000000000000000000B9
S3150400ED5000000000000000000000000000000000A9
S3150400ED600000000000000000000000000000000099
S3150400ED700000000000000000000000000000000089
S3150400ED800000000000000000000000000000000079
S3150400ED900000000000000000000000000000000069
S3150400EDA00000000000000000000000000000000059
S3150400EDB00000000000000000000000000000000049
S3150400EDC00000000000000000000000000000000039
S3150400EDD00000000000000000000000000000000029
S3150400EDE00000000000000000000000000000000019
S3150400EDF00000000000000000000000000000000009
S3150400EE0000000000000000000000000000000000F8
S3150400EE1000000000000000000000000000000000E8
S3150400EE2000000000000000000000000000000000D8
S3150400EE3000000000000000000000000000000000C8
S3150400EE4000000000000000000000000000000000B8
S3150400EE5000000000000000000000000000000000A8
S3150400EE600000000000000000000000000000000098
S3150400EE700000000000000000000000000000000088
S3150400EE800000000000000000000000000000000078
S3150400EE900000000000000000000000000000000068
S3150400EEA00000000000000000000000000000000058
S3150400EEB00000000000000000000000000000000048
S3150400EEC00000000000000000000000000000000038
S3150400EED00000000000000000000000000000000028
S3150400EEE00000000000000000000000000000000018
S3150400EEF00000000000000000000000000000000008
S3150400EF0000000000000000000000000000000000F7
S3150400EF1000000000000000000000000000000000E7
S3150400EF2000000000000000000000000000000000D7
S3150400EF3000000000000000000000000000000000C7
S3150400EF4000000000000000000000000000000000B7
S3150400EF5000000000000000000000000000000000A7
S3150400EF600000000000000000000000000000000097
S3150400EF700000000000000000000000000000000087
S3150400EF800000000000000000000000000000000077
S3150400EF900000000000000000000000000000000067
S3150400EFA00000000000000000000000000000000057
S3150400EFB00000000000000000000000000000000047
S3150400EFC000000000000000000000000054BB000424
S3150400EFD054BB000401000000C4B800040000020091
S3150400EFE0FFFFFFFF88D5000488D5000468C300042A
S3150400EFF068C30004FFFFFFFF0000000068F100047F
S3110400F000FFFFFFFFA8D50004A8D50004FC
S705040001688D
